DateTime,Temperature,TempUnit,Precipitation,PrecipUnit,Humidity,HumidityUnit,
2023-11-01 23:53:00,8.9,wmoUnit:degC,0,wmoUnit:mm,37.052684915495,wmoUnit:percent,
2023-11-01 22:53:00,11.7,wmoUnit:degC,0,wmoUnit:mm,28.273196225684,wmoUnit:percent,
2023-11-01 21:53:00,13.9,wmoUnit:degC,0,wmoUnit:mm,23.383669680712,wmoUnit:percent,
2023-11-01 20:53:00,14.4,wmoUnit:degC,0,wmoUnit:mm,22.638646687514,wmoUnit:percent,
2023-11-01 19:53:00,14.4,wmoUnit:degC,0,wmoUnit:mm,22.638646687514,wmoUnit:percent,
2023-11-01 18:53:00,13.3,wmoUnit:degC,0,wmoUnit:mm,25.456134600875,wmoUnit:percent,
2023-11-01 17:53:00,11.7,wmoUnit:degC,0,wmoUnit:mm,25.986876973832,wmoUnit:percent,
2023-11-01 16:53:00,10.6,wmoUnit:degC,0,wmoUnit:mm,29.04783047524,wmoUnit:percent,
2023-11-01 15:53:00,8.3,wmoUnit:degC,0,wmoUnit:mm,33.902506233951,wmoUnit:percent,
2023-11-01 13:53:00,5.6,wmoUnit:degC,0,wmoUnit:mm,42.711004837581,wmoUnit:percent,
2023-11-01 12:53:00,4.4,wmoUnit:degC,0,wmoUnit:mm,46.432830349594,wmoUnit:percent,
2023-11-01 11:53:00,3.9,wmoUnit:degC,0,wmoUnit:mm,48.089265428043,wmoUnit:percent,
2023-11-01 10:53:00,4.4,wmoUnit:degC,0,wmoUnit:mm,48.234614784925,wmoUnit:percent,
2023-11-01 09:53:00,5.6,wmoUnit:degC,0,wmoUnit:mm,59.3860975252,wmoUnit:percent,
2023-11-01 08:53:00,5.6,wmoUnit:degC,0,wmoUnit:mm,59.3860975252,wmoUnit:percent,
2023-11-01 07:53:00,6.1,wmoUnit:degC,0,wmoUnit:mm,57.367912505289,wmoUnit:percent,
2023-11-01 06:53:00,6.7,wmoUnit:degC,0,wmoUnit:mm,53.055016752071,wmoUnit:percent,
2023-11-01 05:53:00,7.2,wmoUnit:degC,0,wmoUnit:mm,49.040056032403,wmoUnit:percent,
2023-11-01 04:53:00,8.3,wmoUnit:degC,0,wmoUnit:mm,43.839414830297,wmoUnit:percent,
2023-11-01 03:53:00,8.9,wmoUnit:degC,0,wmoUnit:mm,43.690562818841,wmoUnit:percent,
2023-11-01 02:53:00,10,wmoUnit:degC,0,wmoUnit:mm,39.096518392043,wmoUnit:percent,
2023-11-01 01:53:00,11.7,wmoUnit:degC,0,wmoUnit:mm,34.920071104525,wmoUnit:percent,
2023-11-01 00:53:00,13.3,wmoUnit:degC,0,wmoUnit:mm,35.39463652918,wmoUnit:percent,
2023-11-02 23:53:00,10.6,wmoUnit:degC,0,wmoUnit:mm,35.915124242917,wmoUnit:percent,
2023-11-02 22:53:00,,wmoUnit:degC,0,wmoUnit:mm,,wmoUnit:percent,
2023-11-02 21:53:00,17.2,wmoUnit:degC,0,wmoUnit:mm,20.585768033762,wmoUnit:percent,
2023-11-02 20:53:00,17.8,wmoUnit:degC,0,wmoUnit:mm,19.820909427674,wmoUnit:percent,
2023-11-02 19:53:00,17.8,wmoUnit:degC,0,wmoUnit:mm,19.080507410158,wmoUnit:percent,
2023-11-02 17:53:00,16.1,wmoUnit:degC,0,wmoUnit:mm,22.075535761861,wmoUnit:percent,
2023-11-02 16:53:00,15,wmoUnit:degC,0,wmoUnit:mm,25.936552105509,wmoUnit:percent,
2023-11-02 15:53:00,12.8,wmoUnit:degC,0,wmoUnit:mm,28.592892454343,wmoUnit:percent,
2023-11-02 14:53:00,10.6,wmoUnit:degC,0,wmoUnit:mm,38.984929340657,wmoUnit:percent,
2023-11-02 13:53:00,,wmoUnit:degC,0,wmoUnit:mm,,wmoUnit:percent,
2023-11-02 12:53:00,0.6,wmoUnit:degC,0,wmoUnit:mm,88.378831552409,wmoUnit:percent,
2023-11-02 11:53:00,-1.1,wmoUnit:degC,0,wmoUnit:mm,88.224447729265,wmoUnit:percent,
2023-11-02 10:53:00,-1.7,wmoUnit:degC,0,wmoUnit:mm,88.829090151761,wmoUnit:percent,
2023-11-02 09:53:00,-1.1,wmoUnit:degC,0,wmoUnit:mm,85.003898179532,wmoUnit:percent,
2023-11-02 08:53:00,-1.1,wmoUnit:degC,0,wmoUnit:mm,85.003898179532,wmoUnit:percent,
2023-11-02 07:53:00,-0.6,wmoUnit:degC,0,wmoUnit:mm,85.061084990212,wmoUnit:percent,
2023-11-02 06:53:00,0.6,wmoUnit:degC,0,wmoUnit:mm,77.97173604669,wmoUnit:percent,
2023-11-02 05:53:00,3.3,wmoUnit:degC,0,wmoUnit:mm,64.305425457254,wmoUnit:percent,
2023-11-02 04:53:00,4.4,wmoUnit:degC,0,wmoUnit:mm,62.22531255064,wmoUnit:percent,
2023-11-02 03:53:00,4.4,wmoUnit:degC,0,wmoUnit:mm,59.521720372817,wmoUnit:percent,
2023-11-02 02:53:00,3.9,wmoUnit:degC,0,wmoUnit:mm,59.394790553823,wmoUnit:percent,
2023-11-02 01:53:00,5.6,wmoUnit:degC,0,wmoUnit:mm,50.439494876616,wmoUnit:percent,
2023-11-02 00:53:00,7.8,wmoUnit:degC,0,wmoUnit:mm,41.768613568784,wmoUnit:percent,
2023-11-03 23:53:00,15,wmoUnit:degC,0,wmoUnit:mm,62.095793682011,wmoUnit:percent,
2023-11-03 22:53:00,17.2,wmoUnit:degC,0,wmoUnit:mm,55.830161087985,wmoUnit:percent,
2023-11-03 21:53:00,21.1,wmoUnit:degC,0,wmoUnit:mm,43.784608609645,wmoUnit:percent,
2023-11-03 20:53:00,21.1,wmoUnit:degC,0,wmoUnit:mm,43.784608609645,wmoUnit:percent,
2023-11-03 19:53:00,21.7,wmoUnit:degC,0,wmoUnit:mm,40.794879790419,wmoUnit:percent,
2023-11-03 18:53:00,21.1,wmoUnit:degC,0,wmoUnit:mm,42.322148739696,wmoUnit:percent,
2023-11-03 17:53:00,20,wmoUnit:degC,0,wmoUnit:mm,42.010163472526,wmoUnit:percent,
2023-11-03 16:53:00,17.8,wmoUnit:degC,0,wmoUnit:mm,38.035805842394,wmoUnit:percent,
2023-11-03 15:53:00,15.6,wmoUnit:degC,0,wmoUnit:mm,39.037994929885,wmoUnit:percent,
2023-11-03 14:53:00,11.7,wmoUnit:degC,0,wmoUnit:mm,44.507972969151,wmoUnit:percent,
2023-11-03 13:53:00,,wmoUnit:degC,0,wmoUnit:mm,,wmoUnit:percent,
2023-11-03 12:53:00,4.4,wmoUnit:degC,0,wmoUnit:mm,73.09506649282,wmoUnit:percent,
2023-11-03 11:53:00,3.3,wmoUnit:degC,0,wmoUnit:mm,72.8884420502,wmoUnit:percent,
2023-11-03 10:53:00,2.2,wmoUnit:degC,0,wmoUnit:mm,75.407684600098,wmoUnit:percent,
2023-11-03 09:53:00,3.3,wmoUnit:degC,0,wmoUnit:mm,69.749692312671,wmoUnit:percent,
2023-11-03 08:53:00,3.3,wmoUnit:degC,0,wmoUnit:mm,69.749692312671,wmoUnit:percent,
2023-11-03 07:53:00,3.9,wmoUnit:degC,0,wmoUnit:mm,66.864121260669,wmoUnit:percent,
2023-11-03 06:53:00,3.9,wmoUnit:degC,0,wmoUnit:mm,66.864121260669,wmoUnit:percent,
2023-11-03 05:53:00,5,wmoUnit:degC,0,wmoUnit:mm,59.67336328297,wmoUnit:percent,
2023-11-03 04:53:00,6.1,wmoUnit:degC,0,wmoUnit:mm,55.292468396649,wmoUnit:percent,
2023-11-03 03:53:00,6.1,wmoUnit:degC,0,wmoUnit:mm,55.292468396649,wmoUnit:percent,
2023-11-03 02:53:00,6.7,wmoUnit:degC,0,wmoUnit:mm,53.055016752071,wmoUnit:percent,
2023-11-03 01:53:00,7.2,wmoUnit:degC,0,wmoUnit:mm,51.267550652162,wmoUnit:percent,
2023-11-03 00:53:00,8.9,wmoUnit:degC,0,wmoUnit:mm,43.690562818841,wmoUnit:percent,
2023-11-04 23:53:00,16.1,wmoUnit:degC,0,wmoUnit:mm,55.54909086517,wmoUnit:percent,
2023-11-04 22:53:00,,wmoUnit:degC,0,wmoUnit:mm,,wmoUnit:percent,
2023-11-04 21:53:00,24.4,wmoUnit:degC,0,wmoUnit:mm,30.835925878477,wmoUnit:percent,
2023-11-04 20:53:00,25,wmoUnit:degC,0,wmoUnit:mm,31.004556017035,wmoUnit:percent,
2023-11-04 19:53:00,25,wmoUnit:degC,0,wmoUnit:mm,29.749933156792,wmoUnit:percent,
2023-11-04 18:53:00,24.4,wmoUnit:degC,0,wmoUnit:mm,28.572119339613,wmoUnit:percent,
2023-11-04 17:53:00,23.3,wmoUnit:degC,0,wmoUnit:mm,32.944736131239,wmoUnit:percent,
2023-11-04 16:53:00,21.7,wmoUnit:degC,0,wmoUnit:mm,39.158253837114,wmoUnit:percent,
2023-11-04 15:53:00,18.9,wmoUnit:degC,0,wmoUnit:mm,46.552018727041,wmoUnit:percent,
2023-11-04 14:53:00,15.6,wmoUnit:degC,0,wmoUnit:mm,57.352861203314,wmoUnit:percent,
2023-11-04 13:53:00,11.7,wmoUnit:degC,0,wmoUnit:mm,79.654510078888,wmoUnit:percent,
2023-11-04 12:53:00,7.8,wmoUnit:degC,0,wmoUnit:mm,92.7542403083,wmoUnit:percent,
2023-11-04 11:53:00,7.8,wmoUnit:degC,0,wmoUnit:mm,89.000869667825,wmoUnit:percent,
2023-11-04 10:54:00,7.2,wmoUnit:degC,0,wmoUnit:mm,92.720676321386,wmoUnit:percent,
2023-11-04 10:53:00,7.2,wmoUnit:degC,0,wmoUnit:mm,92.720676321386,wmoUnit:percent,
2023-11-04 10:49:00,7,wmoUnit:degC,0,wmoUnit:mm,100,wmoUnit:percent,
2023-11-04 10:39:00,7.2,wmoUnit:degC,0,wmoUnit:mm,92.720676321386,wmoUnit:percent,
2023-11-04 10:35:00,7.2,wmoUnit:degC,0,wmoUnit:mm,89.56964455156,wmoUnit:percent,
2023-11-04 09:53:00,7.8,wmoUnit:degC,0,wmoUnit:mm,92.7542403083,wmoUnit:percent,
2023-11-04 08:53:00,7.8,wmoUnit:degC,0,wmoUnit:mm,92.7542403083,wmoUnit:percent,
2023-11-04 07:53:00,7.8,wmoUnit:degC,0,wmoUnit:mm,92.7542403083,wmoUnit:percent,
2023-11-04 06:53:00,8.3,wmoUnit:degC,0,wmoUnit:mm,89.656134409309,wmoUnit:percent,
2023-11-04 05:53:00,8.3,wmoUnit:degC,0,wmoUnit:mm,96.659876800572,wmoUnit:percent,
2023-11-04 04:53:00,8.9,wmoUnit:degC,0,wmoUnit:mm,89.091584214285,wmoUnit:percent,
2023-11-04 03:53:00,10.6,wmoUnit:degC,0,wmoUnit:mm,82.818647556175,wmoUnit:percent,
2023-11-04 02:53:00,11.1,wmoUnit:degC,0,wmoUnit:mm,82.880385175758,wmoUnit:percent,
2023-11-04 01:53:00,12.2,wmoUnit:degC,0,wmoUnit:mm,77.073390888716,wmoUnit:percent,
2023-11-04 00:53:00,13.9,wmoUnit:degC,0,wmoUnit:mm,68.973277430726,wmoUnit:percent,
2023-11-05 23:53:00,18.9,wmoUnit:degC,0,wmoUnit:mm,46.552018727041,wmoUnit:percent,
2023-11-05 22:53:00,22.2,wmoUnit:degC,0,wmoUnit:mm,37.981907559999,wmoUnit:percent,
2023-11-05 21:53:00,25,wmoUnit:degC,0,wmoUnit:mm,33.426564558107,wmoUnit:percent,
2023-11-05 20:53:00,25.6,wmoUnit:degC,0,wmoUnit:mm,30.960499553061,wmoUnit:percent,
2023-11-05 19:53:00,26.7,wmoUnit:degC,0,wmoUnit:mm,28.033922445399,wmoUnit:percent,
2023-11-05 18:53:00,26.1,wmoUnit:degC,0,wmoUnit:mm,27.868877513083,wmoUnit:percent,
2023-11-05 17:53:00,25,wmoUnit:degC,0,wmoUnit:mm,32.085543739644,wmoUnit:percent,
2023-11-05 16:53:00,24.4,wmoUnit:degC,0,wmoUnit:mm,33.25679568125,wmoUnit:percent,
2023-11-05 15:53:00,21.7,wmoUnit:degC,0,wmoUnit:mm,42.204564231534,wmoUnit:percent,
2023-11-05 14:53:00,,wmoUnit:degC,0,wmoUnit:mm,,wmoUnit:percent,
2023-11-05 13:53:00,,wmoUnit:degC,0,wmoUnit:mm,,wmoUnit:percent,
2023-11-05 12:53:00,6.7,wmoUnit:degC,0,wmoUnit:mm,92.692530298592,wmoUnit:percent,
2023-11-05 11:53:00,4.4,wmoUnit:degC,0,wmoUnit:mm,92.560961924407,wmoUnit:percent,
2023-11-05 10:53:00,4.4,wmoUnit:degC,0,wmoUnit:mm,96.555499312154,wmoUnit:percent,
2023-11-05 09:53:00,5.6,wmoUnit:degC,0,wmoUnit:mm,95.918240233481,wmoUnit:percent,
2023-11-05 09:05:00,6.7,wmoUnit:degC,0,wmoUnit:mm,92.692530298592,wmoUnit:percent,
2023-11-05 08:53:00,6.1,wmoUnit:degC,0,wmoUnit:mm,92.658542027292,wmoUnit:percent,
2023-11-05 07:53:00,6.7,wmoUnit:degC,0,wmoUnit:mm,92.692530298592,wmoUnit:percent,
2023-11-05 06:53:00,7.8,wmoUnit:degC,0,wmoUnit:mm,85.976252301,wmoUnit:percent,
2023-11-05 05:53:00,7.8,wmoUnit:degC,0,wmoUnit:mm,89.000869667825,wmoUnit:percent,
2023-11-05 04:53:00,9.4,wmoUnit:degC,0,wmoUnit:mm,86.141284587185,wmoUnit:percent,
2023-11-05 03:53:00,10.6,wmoUnit:degC,0,wmoUnit:mm,79.496094610696,wmoUnit:percent,
2023-11-05 02:53:00,11.1,wmoUnit:degC,0,wmoUnit:mm,80.112078202727,wmoUnit:percent,
2023-11-05 01:53:00,11.1,wmoUnit:degC,0,wmoUnit:mm,76.898108532185,wmoUnit:percent,
2023-11-05 00:53:00,13.3,wmoUnit:degC,0,wmoUnit:mm,66.541382376326,wmoUnit:percent,
2023-11-06 23:53:00,20,wmoUnit:degC,0,wmoUnit:mm,52.541325581066,wmoUnit:percent,
2023-11-06 22:53:00,20.6,wmoUnit:degC,0,wmoUnit:mm,54.478723145279,wmoUnit:percent,
2023-11-06 21:53:00,24.4,wmoUnit:degC,0,wmoUnit:mm,38.607266934348,wmoUnit:percent,
2023-11-06 20:53:00,25.6,wmoUnit:degC,0,wmoUnit:mm,32.254498956268,wmoUnit:percent,
2023-11-06 19:53:00,25.6,wmoUnit:degC,0,wmoUnit:mm,34.751317788439,wmoUnit:percent,
2023-11-06 18:53:00,25.6,wmoUnit:degC,0,wmoUnit:mm,34.751317788439,wmoUnit:percent,
2023-11-06 16:53:00,23.9,wmoUnit:degC,0,wmoUnit:mm,39.783076160637,wmoUnit:percent,
2023-11-06 15:53:00,20,wmoUnit:degC,0,wmoUnit:mm,50.46925737563,wmoUnit:percent,
2023-11-06 14:53:00,16.7,wmoUnit:degC,0,wmoUnit:mm,67.258616661607,wmoUnit:percent,
2023-11-06 13:53:00,,wmoUnit:degC,0,wmoUnit:mm,,wmoUnit:percent,
2023-11-06 12:53:00,8.9,wmoUnit:degC,0,wmoUnit:mm,92.815182297916,wmoUnit:percent,
2023-11-06 12:28:00,5.6,wmoUnit:degC,0,wmoUnit:mm,95.918240233481,wmoUnit:percent,
2023-11-06 12:20:00,5.6,wmoUnit:degC,0,wmoUnit:mm,95.918240233481,wmoUnit:percent,
2023-11-06 11:53:00,6.7,wmoUnit:degC,0,wmoUnit:mm,92.692530298592,wmoUnit:percent,
2023-11-06 10:53:00,6.1,wmoUnit:degC,0,wmoUnit:mm,92.658542027292,wmoUnit:percent,
2023-11-06 08:53:00,7.2,wmoUnit:degC,0,wmoUnit:mm,96.63091973326,wmoUnit:percent,
2023-11-06 07:53:00,8.3,wmoUnit:degC,0,wmoUnit:mm,89.656134409309,wmoUnit:percent,
2023-11-06 06:53:00,8.3,wmoUnit:degC,0,wmoUnit:mm,92.782035663943,wmoUnit:percent,
2023-11-06 05:53:00,9.4,wmoUnit:degC,0,wmoUnit:mm,89.741574390528,wmoUnit:percent,
2023-11-06 04:53:00,11.1,wmoUnit:degC,0,wmoUnit:mm,80.112078202727,wmoUnit:percent,
2023-11-06 03:53:00,10.6,wmoUnit:degC,0,wmoUnit:mm,85.680481185637,wmoUnit:percent,
2023-11-06 02:53:00,12.2,wmoUnit:degC,0,wmoUnit:mm,74.499044679056,wmoUnit:percent,
2023-11-06 01:53:00,12.8,wmoUnit:degC,0,wmoUnit:mm,71.62381165163,wmoUnit:percent,
2023-11-06 00:53:00,14.4,wmoUnit:degC,0,wmoUnit:mm,66.775731951175,wmoUnit:percent,
2023-11-07 23:53:00,21.1,wmoUnit:degC,0,wmoUnit:mm,54.968147523953,wmoUnit:percent,
2023-11-07 22:53:00,23.3,wmoUnit:degC,0,wmoUnit:mm,48.076758130037,wmoUnit:percent,
2023-11-07 20:53:00,27.2,wmoUnit:degC,0,wmoUnit:mm,38.118256682952,wmoUnit:percent,
2023-11-07 19:53:00,27.8,wmoUnit:degC,0,wmoUnit:mm,39.562329161253,wmoUnit:percent,
2023-11-07 18:53:00,26.7,wmoUnit:degC,0,wmoUnit:mm,43.598940483168,wmoUnit:percent,
2023-11-07 17:53:00,25.6,wmoUnit:degC,0,wmoUnit:mm,46.528188094986,wmoUnit:percent,
2023-11-07 16:53:00,23.9,wmoUnit:degC,0,wmoUnit:mm,51.501263768851,wmoUnit:percent,
2023-11-07 15:53:00,22.2,wmoUnit:degC,0,wmoUnit:mm,59.351542800087,wmoUnit:percent,
2023-11-07 14:53:00,,wmoUnit:degC,0,wmoUnit:mm,,wmoUnit:percent,
2023-11-07 13:53:00,,wmoUnit:degC,0,wmoUnit:mm,,wmoUnit:percent,
2023-11-07 12:53:00,10.6,wmoUnit:degC,0,wmoUnit:mm,89.22963410269,wmoUnit:percent,
2023-11-07 11:53:00,9.4,wmoUnit:degC,0,wmoUnit:mm,89.741574390528,wmoUnit:percent,
2023-11-07 10:53:00,9.4,wmoUnit:degC,0,wmoUnit:mm,92.842632704448,wmoUnit:percent,
2023-11-07 09:53:00,10,wmoUnit:degC,0,wmoUnit:mm,89.181204957654,wmoUnit:percent,
2023-11-07 08:53:00,10,wmoUnit:degC,0,wmoUnit:mm,92.875368778185,wmoUnit:percent,
2023-11-07 07:53:00,10.6,wmoUnit:degC,0,wmoUnit:mm,89.22963410269,wmoUnit:percent,
2023-11-07 06:53:00,9.4,wmoUnit:degC,0,wmoUnit:mm,92.842632704448,wmoUnit:percent,
2023-11-07 05:53:00,10.6,wmoUnit:degC,0,wmoUnit:mm,89.22963410269,wmoUnit:percent,
2023-11-07 04:53:00,13.3,wmoUnit:degC,0,wmoUnit:mm,77.246795999401,wmoUnit:percent,
2023-11-07 03:53:00,12.8,wmoUnit:degC,0,wmoUnit:mm,79.811182429167,wmoUnit:percent,
2023-11-07 02:53:00,15,wmoUnit:degC,0,wmoUnit:mm,72.034842210106,wmoUnit:percent,
2023-11-07 01:53:00,13.9,wmoUnit:degC,0,wmoUnit:mm,80.500571981251,wmoUnit:percent,
2023-11-07 00:53:00,18.3,wmoUnit:degC,0,wmoUnit:mm,60.799253674469,wmoUnit:percent,
2023-11-08 23:53:00,21.7,wmoUnit:degC,0,wmoUnit:mm,61.18973289898,wmoUnit:percent,
2023-11-08 22:53:00,23.3,wmoUnit:degC,0,wmoUnit:mm,55.521946436074,wmoUnit:percent,
2023-11-08 21:53:00,27.2,wmoUnit:degC,0,wmoUnit:mm,47.263671578719,wmoUnit:percent,
2023-11-08 20:53:00,27.8,wmoUnit:degC,0,wmoUnit:mm,45.632798041943,wmoUnit:percent,
2023-11-08 19:53:00,27.8,wmoUnit:degC,0,wmoUnit:mm,47.424400787873,wmoUnit:percent,
2023-11-08 18:53:00,27.2,wmoUnit:degC,0,wmoUnit:mm,50.714289132968,wmoUnit:percent,
2023-11-08 17:53:00,26.7,wmoUnit:degC,0,wmoUnit:mm,56.006054233357,wmoUnit:percent,
2023-11-08 15:53:00,23.3,wmoUnit:degC,0,wmoUnit:mm,68.592505205102,wmoUnit:percent,
2023-11-08 15:08:00,18.9,wmoUnit:degC,0,wmoUnit:mm,83.803385441596,wmoUnit:percent,
2023-11-08 15:00:00,18.3,wmoUnit:degC,0,wmoUnit:mm,84.273096772476,wmoUnit:percent,
2023-11-08 14:53:00,17.2,wmoUnit:degC,0,wmoUnit:mm,90.318702301983,wmoUnit:percent,
2023-11-08 14:46:00,16.7,wmoUnit:degC,0,wmoUnit:mm,93.226340261586,wmoUnit:percent,
2023-11-08 14:44:00,16.7,wmoUnit:degC,0,wmoUnit:mm,89.704428240961,wmoUnit:percent,
2023-11-08 14:41:00,16.1,wmoUnit:degC,0,wmoUnit:mm,93.195965844652,wmoUnit:percent,
2023-11-08 14:21:00,15,wmoUnit:degC,0,wmoUnit:mm,96.204921152027,wmoUnit:percent,
2023-11-08 13:53:00,13.9,wmoUnit:degC,0,wmoUnit:mm,96.172950694716,wmoUnit:percent,
2023-11-08 13:05:00,12.2,wmoUnit:degC,0,wmoUnit:mm,92.993524010865,wmoUnit:percent,
2023-11-08 12:53:00,11.7,wmoUnit:degC,0,wmoUnit:mm,96.107794274811,wmoUnit:percent,
2023-11-08 12:03:00,11.1,wmoUnit:degC,0,wmoUnit:mm,92.934812010123,wmoUnit:percent,
2023-11-08 11:59:00,10.6,wmoUnit:degC,0,wmoUnit:mm,96.074594670841,wmoUnit:percent,
2023-11-08 11:56:00,11.1,wmoUnit:degC,0,wmoUnit:mm,92.934812010123,wmoUnit:percent,
2023-11-08 11:53:00,11.1,wmoUnit:degC,0,wmoUnit:mm,92.934812010123,wmoUnit:percent,
2023-11-08 11:48:00,11,wmoUnit:degC,0,wmoUnit:mm,93.553471551667,wmoUnit:percent,
2023-11-08 11:45:00,11.1,wmoUnit:degC,0,wmoUnit:mm,92.934812010123,wmoUnit:percent,
2023-11-08 11:41:00,11.1,wmoUnit:degC,0,wmoUnit:mm,92.934812010123,wmoUnit:percent,
2023-11-08 11:26:00,10.6,wmoUnit:degC,0,wmoUnit:mm,92.285708289197,wmoUnit:percent,
2023-11-08 11:16:00,11.1,wmoUnit:degC,0,wmoUnit:mm,92.934812010123,wmoUnit:percent,
2023-11-08 11:13:00,11.1,wmoUnit:degC,0,wmoUnit:mm,92.934812010123,wmoUnit:percent,
2023-11-08 11:08:00,10.6,wmoUnit:degC,0,wmoUnit:mm,92.285708289197,wmoUnit:percent,
2023-11-08 10:59:00,10,wmoUnit:degC,0,wmoUnit:mm,92.875368778185,wmoUnit:percent,
2023-11-08 10:53:00,10.6,wmoUnit:degC,0,wmoUnit:mm,92.285708289197,wmoUnit:percent,
2023-11-08 10:46:00,11.1,wmoUnit:degC,0,wmoUnit:mm,92.934812010123,wmoUnit:percent,
2023-11-08 10:34:00,11.1,wmoUnit:degC,0,wmoUnit:mm,96.731932441167,wmoUnit:percent,
2023-11-08 10:30:00,11.1,wmoUnit:degC,0,wmoUnit:mm,96.731932441167,wmoUnit:percent,
2023-11-08 09:53:00,11.1,wmoUnit:degC,0,wmoUnit:mm,92.934812010123,wmoUnit:percent,
2023-11-08 08:53:00,11.1,wmoUnit:degC,0,wmoUnit:mm,92.934812010123,wmoUnit:percent,
2023-11-08 07:53:00,11.7,wmoUnit:degC,0,wmoUnit:mm,89.317597936371,wmoUnit:percent,
2023-11-08 06:53:00,12.8,wmoUnit:degC,0,wmoUnit:mm,83.087914090164,wmoUnit:percent,
2023-11-08 05:53:00,14.4,wmoUnit:degC,0,wmoUnit:mm,80.568800216805,wmoUnit:percent,
2023-11-08 04:53:00,13.9,wmoUnit:degC,0,wmoUnit:mm,80.500571981251,wmoUnit:percent,
2023-11-08 03:53:00,13.3,wmoUnit:degC,0,wmoUnit:mm,86.531884394108,wmoUnit:percent,
2023-11-08 02:53:00,13.9,wmoUnit:degC,0,wmoUnit:mm,83.220266513554,wmoUnit:percent,
2023-11-08 01:53:00,14.4,wmoUnit:degC,0,wmoUnit:mm,80.568800216805,wmoUnit:percent,
2023-11-08 00:53:00,16.1,wmoUnit:degC,0,wmoUnit:mm,75.162754589756,wmoUnit:percent,
2023-11-09 23:53:00,20,wmoUnit:degC,0,wmoUnit:mm,70.170683098134,wmoUnit:percent,
2023-11-09 23:12:00,22.8,wmoUnit:degC,0,wmoUnit:mm,59.110432763317,wmoUnit:percent,
2023-11-09 21:53:00,26.1,wmoUnit:degC,0,wmoUnit:mm,48.513245772051,wmoUnit:percent,
2023-11-09 20:53:00,26.7,wmoUnit:degC,0,wmoUnit:mm,45.333890837523,wmoUnit:percent,
2023-11-09 19:53:00,26.7,wmoUnit:degC,0,wmoUnit:mm,48.672977274459,wmoUnit:percent,
2023-11-09 16:53:00,24.4,wmoUnit:degC,0,wmoUnit:mm,62.199469107209,wmoUnit:percent,
2023-11-09 15:53:00,22.8,wmoUnit:degC,0,wmoUnit:mm,68.494069250584,wmoUnit:percent,
2023-11-09 14:53:00,18.9,wmoUnit:degC,0,wmoUnit:mm,83.803385441596,wmoUnit:percent,
2023-11-09 13:53:00,16.1,wmoUnit:degC,0,wmoUnit:mm,93.195965844652,wmoUnit:percent,
2023-11-09 12:53:00,14.4,wmoUnit:degC,0,wmoUnit:mm,96.813917561395,wmoUnit:percent,
2023-11-09 12:44:00,14.4,wmoUnit:degC,0,wmoUnit:mm,96.813917561395,wmoUnit:percent,
2023-11-09 12:36:00,13.9,wmoUnit:degC,0,wmoUnit:mm,93.082849756907,wmoUnit:percent,
2023-11-09 11:53:00,12.2,wmoUnit:degC,0,wmoUnit:mm,96.759606973144,wmoUnit:percent,
2023-11-09 10:53:00,12.8,wmoUnit:degC,0,wmoUnit:mm,96.140577319061,wmoUnit:percent,
2023-11-09 10:06:00,12.8,wmoUnit:degC,0,wmoUnit:mm,96.140577319061,wmoUnit:percent,
2023-11-09 09:57:00,13.9,wmoUnit:degC,0,wmoUnit:mm,93.082849756907,wmoUnit:percent,
2023-11-09 09:55:00,14.4,wmoUnit:degC,0,wmoUnit:mm,90.117153427448,wmoUnit:percent,
2023-11-09 09:53:00,14.4,wmoUnit:degC,0,wmoUnit:mm,90.117153427448,wmoUnit:percent,
2023-11-09 08:53:00,14.4,wmoUnit:degC,0,wmoUnit:mm,93.108801201943,wmoUnit:percent,
2023-11-09 08:37:00,13.9,wmoUnit:degC,0,wmoUnit:mm,93.082849756907,wmoUnit:percent,
2023-11-09 08:35:00,13.9,wmoUnit:degC,0,wmoUnit:mm,93.082849756907,wmoUnit:percent,
2023-11-09 08:27:00,13.3,wmoUnit:degC,0,wmoUnit:mm,96.786933419961,wmoUnit:percent,
2023-11-09 08:25:00,,wmoUnit:degC,0,wmoUnit:mm,,wmoUnit:percent,
2023-11-09 07:53:00,15,wmoUnit:degC,0,wmoUnit:mm,89.575248781927,wmoUnit:percent,
2023-11-09 06:53:00,17.8,wmoUnit:degC,0,wmoUnit:mm,83.677642887507,wmoUnit:percent,
2023-11-09 05:53:00,17.8,wmoUnit:degC,0,wmoUnit:mm,83.677642887507,wmoUnit:percent,
2023-11-09 04:53:00,17.8,wmoUnit:degC,0,wmoUnit:mm,80.502010361801,wmoUnit:percent,
2023-11-09 03:53:00,19.4,wmoUnit:degC,0,wmoUnit:mm,75.705545650997,wmoUnit:percent,
2023-11-09 02:53:00,20,wmoUnit:degC,0,wmoUnit:mm,70.170683098134,wmoUnit:percent,
2023-11-09 01:53:00,20,wmoUnit:degC,0,wmoUnit:mm,70.170683098134,wmoUnit:percent,
2023-11-09 00:53:00,20.6,wmoUnit:degC,0,wmoUnit:mm,65.463288484429,wmoUnit:percent,
2023-11-10 23:53:00,20,wmoUnit:degC,0,wmoUnit:mm,87.166373588393,wmoUnit:percent,
2023-11-10 22:53:00,20.6,wmoUnit:degC,0,wmoUnit:mm,83.994973551121,wmoUnit:percent,
2023-11-10 21:53:00,21.1,wmoUnit:degC,0,wmoUnit:mm,78.424650325911,wmoUnit:percent,
2023-11-10 20:53:00,21.1,wmoUnit:degC,0,wmoUnit:mm,78.424650325911,wmoUnit:percent,
2023-11-10 19:53:00,21.1,wmoUnit:degC,0,wmoUnit:mm,81.450937739722,wmoUnit:percent,
2023-11-10 18:53:00,21.1,wmoUnit:degC,0,wmoUnit:mm,81.450937739722,wmoUnit:percent,
2023-11-10 17:53:00,21.1,wmoUnit:degC,0,wmoUnit:mm,81.450937739722,wmoUnit:percent,
2023-11-10 16:53:00,21.1,wmoUnit:degC,0,wmoUnit:mm,84.050698469602,wmoUnit:percent,
2023-11-10 15:53:00,21.1,wmoUnit:degC,0,wmoUnit:mm,84.050698469602,wmoUnit:percent,
2023-11-10 14:53:00,20,wmoUnit:degC,0,wmoUnit:mm,87.166373588393,wmoUnit:percent,
2023-11-10 13:53:00,17.8,wmoUnit:degC,0,wmoUnit:mm,89.786765048381,wmoUnit:percent,
2023-11-10 13:11:00,,wmoUnit:degC,0,wmoUnit:mm,,wmoUnit:percent,
2023-11-10 12:53:00,17.8,wmoUnit:degC,0,wmoUnit:mm,86.962935510424,wmoUnit:percent,
2023-11-10 12:02:00,17.2,wmoUnit:degC,0,wmoUnit:mm,86.906635257068,wmoUnit:percent,
2023-11-10 11:53:00,17.8,wmoUnit:degC,0,wmoUnit:mm,83.677642887507,wmoUnit:percent,
2023-11-10 11:50:00,17,wmoUnit:degC,0,wmoUnit:mm,88.013838936444,wmoUnit:percent,
2023-11-10 10:53:00,16.7,wmoUnit:degC,0,wmoUnit:mm,89.704428240961,wmoUnit:percent,
2023-11-10 10:33:00,16.7,wmoUnit:degC,0,wmoUnit:mm,89.704428240961,wmoUnit:percent,
2023-11-10 09:53:00,17.2,wmoUnit:degC,0,wmoUnit:mm,86.906635257068,wmoUnit:percent,
2023-11-10 09:16:00,16.7,wmoUnit:degC,0,wmoUnit:mm,86.300074459093,wmoUnit:percent,
2023-11-10 09:08:00,16.7,wmoUnit:degC,0,wmoUnit:mm,86.300074459093,wmoUnit:percent,
2023-11-10 08:53:00,16.1,wmoUnit:degC,0,wmoUnit:mm,89.659105457718,wmoUnit:percent,
2023-11-10 07:53:00,16.1,wmoUnit:degC,0,wmoUnit:mm,86.802492444119,wmoUnit:percent,
2023-11-10 06:53:00,15.6,wmoUnit:degC,0,wmoUnit:mm,86.191267982613,wmoUnit:percent,
2023-11-10 05:53:00,13.9,wmoUnit:degC,0,wmoUnit:mm,89.490389141325,wmoUnit:percent,
2023-11-10 04:53:00,14.4,wmoUnit:degC,0,wmoUnit:mm,90.117153427448,wmoUnit:percent,
2023-11-10 03:53:00,14.4,wmoUnit:degC,0,wmoUnit:mm,90.117153427448,wmoUnit:percent,
2023-11-10 02:53:00,16.7,wmoUnit:degC,0,wmoUnit:mm,83.550482942249,wmoUnit:percent,
2023-11-10 01:53:00,17.8,wmoUnit:degC,0,wmoUnit:mm,77.937149946939,wmoUnit:percent,
2023-11-11 23:53:00,13.9,wmoUnit:degC,0,wmoUnit:mm,89.490389141325,wmoUnit:percent,
2023-11-11 22:53:00,13.9,wmoUnit:degC,0,wmoUnit:mm,89.490389141325,wmoUnit:percent,
2023-11-11 21:53:00,14.4,wmoUnit:degC,0,wmoUnit:mm,86.639151568653,wmoUnit:percent,
2023-11-11 20:53:00,14.4,wmoUnit:degC,0,wmoUnit:mm,90.117153427448,wmoUnit:percent,
2023-11-11 19:53:00,14.4,wmoUnit:degC,0,wmoUnit:mm,90.117153427448,wmoUnit:percent,
2023-11-11 18:53:00,15,wmoUnit:degC,0,wmoUnit:mm,89.575248781927,wmoUnit:percent,
2023-11-11 17:53:00,15.6,wmoUnit:degC,0,wmoUnit:mm,89.621112131842,wmoUnit:percent,
2023-11-11 16:53:00,15.6,wmoUnit:degC,0,wmoUnit:mm,92.570484068067,wmoUnit:percent,
2023-11-11 15:53:00,15,wmoUnit:degC,0,wmoUnit:mm,93.139753054128,wmoUnit:percent,
2023-11-11 15:37:00,15,wmoUnit:degC,0,wmoUnit:mm,93.139753054128,wmoUnit:percent,
2023-11-11 15:17:00,14.4,wmoUnit:degC,0,wmoUnit:mm,96.813917561395,wmoUnit:percent,
2023-11-11 14:53:00,14.4,wmoUnit:degC,0,wmoUnit:mm,96.813917561395,wmoUnit:percent,
2023-11-11 14:48:00,14,wmoUnit:degC,0,wmoUnit:mm,100,wmoUnit:percent,
2023-11-11 14:01:00,14.4,wmoUnit:degC,0,wmoUnit:mm,93.108801201943,wmoUnit:percent,
2023-11-11 13:53:00,14.4,wmoUnit:degC,0,wmoUnit:mm,93.108801201943,wmoUnit:percent,
2023-11-11 13:43:00,14.4,wmoUnit:degC,0,wmoUnit:mm,93.108801201943,wmoUnit:percent,
2023-11-11 12:53:00,13.9,wmoUnit:degC,0,wmoUnit:mm,96.172950694716,wmoUnit:percent,
2023-11-11 12:48:00,14,wmoUnit:degC,0,wmoUnit:mm,93.698536677741,wmoUnit:percent,
2023-11-11 12:38:00,13.9,wmoUnit:degC,0,wmoUnit:mm,96.172950694716,wmoUnit:percent,
2023-11-11 11:53:00,13.9,wmoUnit:degC,0,wmoUnit:mm,96.172950694716,wmoUnit:percent,
2023-11-11 11:31:00,13.9,wmoUnit:degC,0,wmoUnit:mm,96.172950694716,wmoUnit:percent,
2023-11-11 11:07:00,13.9,wmoUnit:degC,0,wmoUnit:mm,93.082849756907,wmoUnit:percent,
2023-11-11 10:53:00,13.9,wmoUnit:degC,0,wmoUnit:mm,96.172950694716,wmoUnit:percent,
2023-11-11 09:53:00,13.9,wmoUnit:degC,0,wmoUnit:mm,93.082849756907,wmoUnit:percent,
2023-11-11 08:53:00,14.4,wmoUnit:degC,0,wmoUnit:mm,96.813917561395,wmoUnit:percent,
2023-11-11 08:09:00,15.6,wmoUnit:degC,0,wmoUnit:mm,92.570484068067,wmoUnit:percent,
2023-11-11 08:01:00,15.6,wmoUnit:degC,0,wmoUnit:mm,92.570484068067,wmoUnit:percent,
2023-11-11 07:53:00,15.6,wmoUnit:degC,0,wmoUnit:mm,92.570484068067,wmoUnit:percent,
2023-11-11 07:48:00,16,wmoUnit:degC,0,wmoUnit:mm,87.926615024549,wmoUnit:percent,
2023-11-11 07:17:00,16.1,wmoUnit:degC,0,wmoUnit:mm,93.195965844652,wmoUnit:percent,
2023-11-11 06:53:00,16.1,wmoUnit:degC,0,wmoUnit:mm,93.195965844652,wmoUnit:percent,
2023-11-11 06:23:00,16.1,wmoUnit:degC,0,wmoUnit:mm,96.854960153164,wmoUnit:percent,
2023-11-11 06:10:00,16.1,wmoUnit:degC,0,wmoUnit:mm,96.854960153164,wmoUnit:percent,
2023-11-11 05:53:00,16.7,wmoUnit:degC,0,wmoUnit:mm,93.226340261586,wmoUnit:percent,
2023-11-11 05:05:00,16.7,wmoUnit:degC,0,wmoUnit:mm,96.253552852801,wmoUnit:percent,
2023-11-11 04:53:00,16.7,wmoUnit:degC,0,wmoUnit:mm,96.253552852801,wmoUnit:percent,
2023-11-11 04:41:00,17.2,wmoUnit:degC,0,wmoUnit:mm,93.251499106659,wmoUnit:percent,
2023-11-11 04:06:00,17.2,wmoUnit:degC,0,wmoUnit:mm,93.251499106659,wmoUnit:percent,
2023-11-11 03:53:00,17.2,wmoUnit:degC,0,wmoUnit:mm,93.251499106659,wmoUnit:percent,
2023-11-11 03:48:00,17,wmoUnit:degC,0,wmoUnit:mm,93.838813960785,wmoUnit:percent,
2023-11-11 03:40:00,17.2,wmoUnit:degC,0,wmoUnit:mm,93.251499106659,wmoUnit:percent,
2023-11-11 03:12:00,17.8,wmoUnit:degC,0,wmoUnit:mm,93.281507422058,wmoUnit:percent,
2023-11-11 03:02:00,17.8,wmoUnit:degC,0,wmoUnit:mm,93.281507422058,wmoUnit:percent,
2023-11-11 02:53:00,17.8,wmoUnit:degC,0,wmoUnit:mm,93.281507422058,wmoUnit:percent,
2023-11-11 02:48:00,18,wmoUnit:degC,0,wmoUnit:mm,93.884545007364,wmoUnit:percent,
2023-11-11 02:20:00,19.4,wmoUnit:degC,0,wmoUnit:mm,90.47284679466,wmoUnit:percent,
2023-11-11 01:53:00,19.4,wmoUnit:degC,0,wmoUnit:mm,90.47284679466,wmoUnit:percent,
2023-11-11 00:53:00,20,wmoUnit:degC,0,wmoUnit:mm,87.166373588393,wmoUnit:percent,
2023-11-12 23:53:00,14.4,wmoUnit:degC,0,wmoUnit:mm,86.639151568653,wmoUnit:percent,
2023-11-12 23:00:00,14.4,wmoUnit:degC,0,wmoUnit:mm,90.117153427448,wmoUnit:percent,
2023-11-12 22:53:00,14.4,wmoUnit:degC,0,wmoUnit:mm,90.117153427448,wmoUnit:percent,
2023-11-12 21:56:00,14.4,wmoUnit:degC,0,wmoUnit:mm,90.117153427448,wmoUnit:percent,
2023-11-12 21:53:00,14.4,wmoUnit:degC,0,wmoUnit:mm,90.117153427448,wmoUnit:percent,
2023-11-12 20:53:00,14.4,wmoUnit:degC,0,wmoUnit:mm,90.117153427448,wmoUnit:percent,
2023-11-12 19:53:00,15.6,wmoUnit:degC,0,wmoUnit:mm,80.202281999569,wmoUnit:percent,
2023-11-12 18:53:00,15.6,wmoUnit:degC,0,wmoUnit:mm,80.202281999569,wmoUnit:percent,
2023-11-12 17:53:00,15.6,wmoUnit:degC,0,wmoUnit:mm,80.202281999569,wmoUnit:percent,
2023-11-12 16:53:00,15.6,wmoUnit:degC,0,wmoUnit:mm,80.202281999569,wmoUnit:percent,
2023-11-12 15:53:00,14.4,wmoUnit:degC,0,wmoUnit:mm,83.831702542696,wmoUnit:percent,
2023-11-12 15:06:00,14.4,wmoUnit:degC,0,wmoUnit:mm,86.639151568653,wmoUnit:percent,
2023-11-12 14:53:00,14.4,wmoUnit:degC,0,wmoUnit:mm,86.639151568653,wmoUnit:percent,
2023-11-12 13:53:00,13.3,wmoUnit:degC,0,wmoUnit:mm,93.051516559366,wmoUnit:percent,
2023-11-12 12:53:00,13.3,wmoUnit:degC,0,wmoUnit:mm,90.036281705393,wmoUnit:percent,
2023-11-12 10:53:00,13.3,wmoUnit:degC,0,wmoUnit:mm,86.531884394108,wmoUnit:percent,
2023-11-12 09:53:00,13.3,wmoUnit:degC,0,wmoUnit:mm,86.531884394108,wmoUnit:percent,
2023-11-12 08:53:00,13.3,wmoUnit:degC,0,wmoUnit:mm,86.531884394108,wmoUnit:percent,
2023-11-12 07:53:00,13.3,wmoUnit:degC,0,wmoUnit:mm,86.531884394108,wmoUnit:percent,
2023-11-12 06:53:00,13.3,wmoUnit:degC,0,wmoUnit:mm,86.531884394108,wmoUnit:percent,
2023-11-12 05:53:00,13.3,wmoUnit:degC,0,wmoUnit:mm,86.531884394108,wmoUnit:percent,
2023-11-12 04:53:00,13.9,wmoUnit:degC,0,wmoUnit:mm,83.220266513554,wmoUnit:percent,
2023-11-12 04:45:00,13.9,wmoUnit:degC,0,wmoUnit:mm,86.590548811883,wmoUnit:percent,
2023-11-12 03:53:00,13.9,wmoUnit:degC,0,wmoUnit:mm,86.590548811883,wmoUnit:percent,
2023-11-12 02:53:00,13.9,wmoUnit:degC,0,wmoUnit:mm,86.590548811883,wmoUnit:percent,
2023-11-12 02:05:00,13.3,wmoUnit:degC,0,wmoUnit:mm,90.036281705393,wmoUnit:percent,
2023-11-12 01:53:00,13.9,wmoUnit:degC,0,wmoUnit:mm,86.590548811883,wmoUnit:percent,
2023-11-12 00:53:00,13.9,wmoUnit:degC,0,wmoUnit:mm,89.490389141325,wmoUnit:percent,
2023-11-13 23:53:00,15.6,wmoUnit:degC,0,wmoUnit:mm,66.579992947826,wmoUnit:percent,
2023-11-13 22:53:00,16.1,wmoUnit:degC,0,wmoUnit:mm,67.133566942379,wmoUnit:percent,
2023-11-13 21:53:00,17.2,wmoUnit:degC,0,wmoUnit:mm,60.134185623228,wmoUnit:percent,
2023-11-13 20:53:00,17.8,wmoUnit:degC,0,wmoUnit:mm,53.755806654503,wmoUnit:percent,
2023-11-13 19:53:00,18.3,wmoUnit:degC,0,wmoUnit:mm,50.353119617443,wmoUnit:percent,
2023-11-13 18:53:00,17.2,wmoUnit:degC,0,wmoUnit:mm,58.142820591561,wmoUnit:percent,
2023-11-13 17:53:00,17.2,wmoUnit:degC,0,wmoUnit:mm,58.142820591561,wmoUnit:percent,
2023-11-13 16:53:00,18.3,wmoUnit:degC,0,wmoUnit:mm,54.250951590895,wmoUnit:percent,
2023-11-13 16:00:00,16.1,wmoUnit:degC,0,wmoUnit:mm,62.350547871685,wmoUnit:percent,
2023-11-13 15:53:00,16.1,wmoUnit:degC,0,wmoUnit:mm,62.350547871685,wmoUnit:percent,
2023-11-13 14:53:00,15.6,wmoUnit:degC,0,wmoUnit:mm,66.579992947826,wmoUnit:percent,
2023-11-13 13:53:00,15,wmoUnit:degC,0,wmoUnit:mm,66.902625351419,wmoUnit:percent,
2023-11-13 12:53:00,14.4,wmoUnit:degC,0,wmoUnit:mm,71.923565721953,wmoUnit:percent,
2023-11-13 11:53:00,14.4,wmoUnit:degC,0,wmoUnit:mm,69.541791158165,wmoUnit:percent,
2023-11-13 11:14:00,14.4,wmoUnit:degC,0,wmoUnit:mm,71.923565721953,wmoUnit:percent,
2023-11-13 10:53:00,14.4,wmoUnit:degC,0,wmoUnit:mm,74.8764630203,wmoUnit:percent,
2023-11-13 09:53:00,13.9,wmoUnit:degC,0,wmoUnit:mm,80.500571981251,wmoUnit:percent,
2023-11-13 08:53:00,13.9,wmoUnit:degC,0,wmoUnit:mm,80.500571981251,wmoUnit:percent,
2023-11-13 08:02:00,13.9,wmoUnit:degC,0,wmoUnit:mm,80.500571981251,wmoUnit:percent,
2023-11-13 06:53:00,13.9,wmoUnit:degC,0,wmoUnit:mm,80.500571981251,wmoUnit:percent,
2023-11-13 05:53:00,13.9,wmoUnit:degC,0,wmoUnit:mm,83.220266513554,wmoUnit:percent,
2023-11-13 04:53:00,13.9,wmoUnit:degC,0,wmoUnit:mm,83.220266513554,wmoUnit:percent,
2023-11-13 03:53:00,14.4,wmoUnit:degC,0,wmoUnit:mm,80.568800216805,wmoUnit:percent,
2023-11-13 02:53:00,14.4,wmoUnit:degC,0,wmoUnit:mm,83.831702542696,wmoUnit:percent,
2023-11-13 02:42:00,14.4,wmoUnit:degC,0,wmoUnit:mm,83.831702542696,wmoUnit:percent,
2023-11-13 01:53:00,14.4,wmoUnit:degC,0,wmoUnit:mm,83.831702542696,wmoUnit:percent,
2023-11-13 00:53:00,14.4,wmoUnit:degC,0,wmoUnit:mm,86.639151568653,wmoUnit:percent,
2023-11-14 23:53:00,13.9,wmoUnit:degC,0,wmoUnit:mm,86.590548811883,wmoUnit:percent,
2023-11-14 22:53:00,13.9,wmoUnit:degC,0,wmoUnit:mm,83.220266513554,wmoUnit:percent,
2023-11-14 22:00:00,13.9,wmoUnit:degC,0,wmoUnit:mm,83.220266513554,wmoUnit:percent,
2023-11-14 21:53:00,13.9,wmoUnit:degC,0,wmoUnit:mm,80.500571981251,wmoUnit:percent,
2023-11-14 21:10:00,13.3,wmoUnit:degC,0,wmoUnit:mm,80.418244090481,wmoUnit:percent,
2023-11-14 20:53:00,13.9,wmoUnit:degC,0,wmoUnit:mm,77.340598238695,wmoUnit:percent,
2023-11-14 19:53:00,18.3,wmoUnit:degC,0,wmoUnit:mm,50.353119617443,wmoUnit:percent,
2023-11-14 18:53:00,18.3,wmoUnit:degC,0,wmoUnit:mm,48.333032223653,wmoUnit:percent,
2023-11-14 17:53:00,18.3,wmoUnit:degC,0,wmoUnit:mm,50.353119617443,wmoUnit:percent,
2023-11-14 16:53:00,17.2,wmoUnit:degC,0,wmoUnit:mm,53.965364925207,wmoUnit:percent,
2023-11-14 15:53:00,17.2,wmoUnit:degC,0,wmoUnit:mm,53.965364925207,wmoUnit:percent,
2023-11-14 13:53:00,13.9,wmoUnit:degC,0,wmoUnit:mm,77.340598238695,wmoUnit:percent,
2023-11-14 12:53:00,13.3,wmoUnit:degC,0,wmoUnit:mm,80.418244090481,wmoUnit:percent,
2023-11-14 11:53:00,12.8,wmoUnit:degC,0,wmoUnit:mm,83.087914090164,wmoUnit:percent,
2023-11-14 10:53:00,12.8,wmoUnit:degC,0,wmoUnit:mm,83.087914090164,wmoUnit:percent,
2023-11-14 09:53:00,12.8,wmoUnit:degC,0,wmoUnit:mm,83.087914090164,wmoUnit:percent,
2023-11-14 08:53:00,11.7,wmoUnit:degC,0,wmoUnit:mm,89.317597936371,wmoUnit:percent,
2023-11-14 07:53:00,12.2,wmoUnit:degC,0,wmoUnit:mm,86.423356721086,wmoUnit:percent,
2023-11-14 06:53:00,12.2,wmoUnit:degC,0,wmoUnit:mm,86.423356721086,wmoUnit:percent,
2023-11-14 05:53:00,12.2,wmoUnit:degC,0,wmoUnit:mm,86.423356721086,wmoUnit:percent,
2023-11-14 04:53:00,13.3,wmoUnit:degC,0,wmoUnit:mm,80.418244090481,wmoUnit:percent,
2023-11-14 03:53:00,12.8,wmoUnit:degC,0,wmoUnit:mm,83.087914090164,wmoUnit:percent,
2023-11-14 02:53:00,13.3,wmoUnit:degC,0,wmoUnit:mm,77.246795999401,wmoUnit:percent,
2023-11-14 01:53:00,13.9,wmoUnit:degC,0,wmoUnit:mm,77.340598238695,wmoUnit:percent,
2023-11-14 00:53:00,14.4,wmoUnit:degC,0,wmoUnit:mm,71.923565721953,wmoUnit:percent,
2023-11-15 23:53:00,15,wmoUnit:degC,0,wmoUnit:mm,93.139753054128,wmoUnit:percent,
2023-11-15 23:35:00,15,wmoUnit:degC,0,wmoUnit:mm,93.139753054128,wmoUnit:percent,
2023-11-15 23:27:00,15.6,wmoUnit:degC,0,wmoUnit:mm,89.621112131842,wmoUnit:percent,
2023-11-15 22:53:00,15,wmoUnit:degC,0,wmoUnit:mm,93.139753054128,wmoUnit:percent,
2023-11-15 22:06:00,16.7,wmoUnit:degC,0,wmoUnit:mm,83.550482942249,wmoUnit:percent,
2023-11-15 21:53:00,16.1,wmoUnit:degC,0,wmoUnit:mm,86.802492444119,wmoUnit:percent,
2023-11-15 20:53:00,17.2,wmoUnit:degC,0,wmoUnit:mm,75.345564108887,wmoUnit:percent,
2023-11-15 20:45:00,17.2,wmoUnit:degC,0,wmoUnit:mm,75.345564108887,wmoUnit:percent,
2023-11-15 19:53:00,17.2,wmoUnit:degC,0,wmoUnit:mm,77.846834739521,wmoUnit:percent,
2023-11-15 19:27:00,,wmoUnit:degC,0,wmoUnit:mm,,wmoUnit:percent,
2023-11-15 18:53:00,17.8,wmoUnit:degC,0,wmoUnit:mm,69.746258773174,wmoUnit:percent,
2023-11-15 17:53:00,17.2,wmoUnit:degC,0,wmoUnit:mm,70.090395424806,wmoUnit:percent,
2023-11-15 17:37:00,,wmoUnit:degC,0,wmoUnit:mm,,wmoUnit:percent,
2023-11-15 16:53:00,16.7,wmoUnit:degC,0,wmoUnit:mm,69.530934577901,wmoUnit:percent,
2023-11-15 15:53:00,16.1,wmoUnit:degC,0,wmoUnit:mm,75.162754589756,wmoUnit:percent,
2023-11-15 14:53:00,13.9,wmoUnit:degC,0,wmoUnit:mm,80.500571981251,wmoUnit:percent,
2023-11-15 13:53:00,12.8,wmoUnit:degC,0,wmoUnit:mm,79.811182429167,wmoUnit:percent,
2023-11-15 12:53:00,11.7,wmoUnit:degC,0,wmoUnit:mm,82.954048467221,wmoUnit:percent,
2023-11-15 11:53:00,11.7,wmoUnit:degC,0,wmoUnit:mm,82.954048467221,wmoUnit:percent,
2023-11-15 10:53:00,11.1,wmoUnit:degC,0,wmoUnit:mm,86.313549377715,wmoUnit:percent,
2023-11-15 09:53:00,11.1,wmoUnit:degC,0,wmoUnit:mm,89.269748995158,wmoUnit:percent,
2023-11-15 08:53:00,11.7,wmoUnit:degC,0,wmoUnit:mm,85.795186713907,wmoUnit:percent,
2023-11-15 07:53:00,11.1,wmoUnit:degC,0,wmoUnit:mm,89.269748995158,wmoUnit:percent,
2023-11-15 06:53:00,12.2,wmoUnit:degC,0,wmoUnit:mm,86.423356721086,wmoUnit:percent,
2023-11-15 05:53:00,12.8,wmoUnit:degC,0,wmoUnit:mm,86.482711038053,wmoUnit:percent,
2023-11-15 04:53:00,13.3,wmoUnit:degC,0,wmoUnit:mm,83.703963952178,wmoUnit:percent,
2023-11-15 03:53:00,14.4,wmoUnit:degC,0,wmoUnit:mm,77.935757394379,wmoUnit:percent,
2023-11-15 02:53:00,15,wmoUnit:degC,0,wmoUnit:mm,74.978033950497,wmoUnit:percent,
2023-11-15 01:53:00,13.9,wmoUnit:degC,0,wmoUnit:mm,86.590548811883,wmoUnit:percent,
2023-11-15 00:53:00,13.9,wmoUnit:degC,0,wmoUnit:mm,89.490389141325,wmoUnit:percent,
2023-11-16 22:53:00,20,wmoUnit:degC,0,wmoUnit:mm,70.170683098134,wmoUnit:percent,
2023-11-16 21:53:00,22.8,wmoUnit:degC,0,wmoUnit:mm,59.110432763317,wmoUnit:percent,
2023-11-16 20:53:00,23.3,wmoUnit:degC,0,wmoUnit:mm,57.349137225921,wmoUnit:percent,
2023-11-16 19:53:00,24.4,wmoUnit:degC,0,wmoUnit:mm,53.678188152682,wmoUnit:percent,
2023-11-16 19:11:00,24.4,wmoUnit:degC,0,wmoUnit:mm,55.795678131535,wmoUnit:percent,
2023-11-16 18:53:00,24.4,wmoUnit:degC,0,wmoUnit:mm,55.795678131535,wmoUnit:percent,
2023-11-16 16:53:00,21.1,wmoUnit:degC,0,wmoUnit:mm,59.089495188479,wmoUnit:percent,
2023-11-16 15:53:00,18.3,wmoUnit:degC,0,wmoUnit:mm,72.636050676412,wmoUnit:percent,
2023-11-16 13:53:00,15.6,wmoUnit:degC,0,wmoUnit:mm,72.145507882091,wmoUnit:percent,
2023-11-16 12:53:00,15,wmoUnit:degC,0,wmoUnit:mm,74.978033950497,wmoUnit:percent,
2023-11-16 10:53:00,14.4,wmoUnit:degC,0,wmoUnit:mm,74.8764630203,wmoUnit:percent,
2023-11-16 09:53:00,14.4,wmoUnit:degC,0,wmoUnit:mm,74.8764630203,wmoUnit:percent,
2023-11-16 08:53:00,13.9,wmoUnit:degC,0,wmoUnit:mm,77.340598238695,wmoUnit:percent,
2023-11-16 06:53:00,13.9,wmoUnit:degC,0,wmoUnit:mm,80.500571981251,wmoUnit:percent,
2023-11-16 05:53:00,13.9,wmoUnit:degC,0,wmoUnit:mm,83.220266513554,wmoUnit:percent,
2023-11-16 05:00:00,13.3,wmoUnit:degC,0,wmoUnit:mm,90.036281705393,wmoUnit:percent,
2023-11-16 04:53:00,13.3,wmoUnit:degC,0,wmoUnit:mm,90.036281705393,wmoUnit:percent,
2023-11-16 03:53:00,13.3,wmoUnit:degC,0,wmoUnit:mm,93.051516559366,wmoUnit:percent,
2023-11-16 02:53:00,13.9,wmoUnit:degC,0,wmoUnit:mm,93.082849756907,wmoUnit:percent,
2023-11-16 01:53:00,14.4,wmoUnit:degC,0,wmoUnit:mm,90.117153427448,wmoUnit:percent,
2023-11-16 00:53:00,14.4,wmoUnit:degC,0,wmoUnit:mm,90.117153427448,wmoUnit:percent,
2023-11-17 23:53:00,19.4,wmoUnit:degC,0,wmoUnit:mm,78.677843412485,wmoUnit:percent,
2023-11-17 21:53:00,22.2,wmoUnit:degC,0,wmoUnit:mm,66.224956807917,wmoUnit:percent,
2023-11-17 20:53:00,22.8,wmoUnit:degC,0,wmoUnit:mm,63.854514058556,wmoUnit:percent,
2023-11-17 19:53:00,22.8,wmoUnit:degC,0,wmoUnit:mm,65.927975147145,wmoUnit:percent,
2023-11-17 18:53:00,22.8,wmoUnit:degC,0,wmoUnit:mm,65.927975147145,wmoUnit:percent,
2023-11-17 17:53:00,22.2,wmoUnit:degC,0,wmoUnit:mm,66.224956807917,wmoUnit:percent,
2023-11-17 16:53:00,20.6,wmoUnit:degC,0,wmoUnit:mm,70.285014011563,wmoUnit:percent,
2023-11-17 15:53:00,20,wmoUnit:degC,0,wmoUnit:mm,72.938766809286,wmoUnit:percent,
2023-11-17 14:53:00,18.3,wmoUnit:degC,0,wmoUnit:mm,81.08942108913,wmoUnit:percent,
2023-11-17 14:09:00,17.2,wmoUnit:degC,0,wmoUnit:mm,86.906635257068,wmoUnit:percent,
2023-11-17 13:53:00,16.1,wmoUnit:degC,0,wmoUnit:mm,93.195965844652,wmoUnit:percent,
2023-11-17 12:53:00,15,wmoUnit:degC,0,wmoUnit:mm,93.139753054128,wmoUnit:percent,
2023-11-17 12:12:00,13.3,wmoUnit:degC,0,wmoUnit:mm,93.051516559366,wmoUnit:percent,
2023-11-17 10:53:00,13.9,wmoUnit:degC,0,wmoUnit:mm,93.082849756907,wmoUnit:percent,
2023-11-17 09:53:00,15,wmoUnit:degC,0,wmoUnit:mm,89.575248781927,wmoUnit:percent,
2023-11-17 08:53:00,15,wmoUnit:degC,0,wmoUnit:mm,89.575248781927,wmoUnit:percent,
2023-11-17 06:53:00,15.6,wmoUnit:degC,0,wmoUnit:mm,89.621112131842,wmoUnit:percent,
2023-11-17 05:53:00,17.2,wmoUnit:degC,0,wmoUnit:mm,83.608459924942,wmoUnit:percent,
2023-11-17 04:53:00,15.6,wmoUnit:degC,0,wmoUnit:mm,89.621112131842,wmoUnit:percent,
2023-11-17 03:53:00,17.8,wmoUnit:degC,0,wmoUnit:mm,80.502010361801,wmoUnit:percent,
2023-11-17 02:53:00,16.1,wmoUnit:degC,0,wmoUnit:mm,86.802492444119,wmoUnit:percent,
2023-11-17 01:53:00,16.1,wmoUnit:degC,0,wmoUnit:mm,83.480518260067,wmoUnit:percent,
2023-11-17 00:53:00,16.7,wmoUnit:degC,0,wmoUnit:mm,83.550482942249,wmoUnit:percent,
2023-11-18 23:53:00,17.2,wmoUnit:degC,0,wmoUnit:mm,51.800359971891,wmoUnit:percent,
2023-11-18 22:53:00,18.9,wmoUnit:degC,0,wmoUnit:mm,48.497668355453,wmoUnit:percent,
2023-11-18 21:54:00,22.2,wmoUnit:degC,0,wmoUnit:mm,39.569367918353,wmoUnit:percent,
2023-11-18 21:53:00,22.2,wmoUnit:degC,0,wmoUnit:mm,39.569367918353,wmoUnit:percent,
2023-11-18 20:53:00,23.9,wmoUnit:degC,0,wmoUnit:mm,38.465645386488,wmoUnit:percent,
2023-11-18 19:53:00,24.4,wmoUnit:degC,0,wmoUnit:mm,37.328773502625,wmoUnit:percent,
2023-11-18 18:53:00,24.4,wmoUnit:degC,0,wmoUnit:mm,43.247872172735,wmoUnit:percent,
2023-11-18 17:53:00,23.3,wmoUnit:degC,0,wmoUnit:mm,46.205511797614,wmoUnit:percent,
2023-11-18 16:53:00,22.8,wmoUnit:degC,0,wmoUnit:mm,53.268639384947,wmoUnit:percent,
2023-11-18 15:53:00,21.1,wmoUnit:degC,0,wmoUnit:mm,61.051107934259,wmoUnit:percent,
2023-11-18 14:53:00,18.9,wmoUnit:degC,0,wmoUnit:mm,72.743427315857,wmoUnit:percent,
2023-11-18 13:53:00,17.2,wmoUnit:degC,0,wmoUnit:mm,86.906635257068,wmoUnit:percent,
2023-11-18 12:53:00,16.1,wmoUnit:degC,0,wmoUnit:mm,93.195965844652,wmoUnit:percent,
2023-11-18 11:53:00,16.1,wmoUnit:degC,0,wmoUnit:mm,93.195965844652,wmoUnit:percent,
2023-11-18 10:53:00,16.1,wmoUnit:degC,0,wmoUnit:mm,89.659105457718,wmoUnit:percent,
2023-11-18 09:53:00,15,wmoUnit:degC,0,wmoUnit:mm,96.204921152027,wmoUnit:percent,
2023-11-18 08:53:00,15,wmoUnit:degC,0,wmoUnit:mm,96.204921152027,wmoUnit:percent,
2023-11-18 07:53:00,15.6,wmoUnit:degC,0,wmoUnit:mm,92.570484068067,wmoUnit:percent,
2023-11-18 06:53:00,16.7,wmoUnit:degC,0,wmoUnit:mm,89.704428240961,wmoUnit:percent,
2023-11-18 05:53:00,16.7,wmoUnit:degC,0,wmoUnit:mm,89.704428240961,wmoUnit:percent,
2023-11-18 04:53:00,17.2,wmoUnit:degC,0,wmoUnit:mm,90.318702301983,wmoUnit:percent,
2023-11-18 03:53:00,16.7,wmoUnit:degC,0,wmoUnit:mm,89.704428240961,wmoUnit:percent,
2023-11-18 02:53:00,16.7,wmoUnit:degC,0,wmoUnit:mm,93.226340261586,wmoUnit:percent,
2023-11-18 01:53:00,18.9,wmoUnit:degC,0,wmoUnit:mm,83.803385441596,wmoUnit:percent,
2023-11-18 00:53:00,18.9,wmoUnit:degC,0,wmoUnit:mm,83.803385441596,wmoUnit:percent,
2023-11-19 23:53:00,14.4,wmoUnit:degC,0,wmoUnit:mm,64.545340236686,wmoUnit:percent,
2023-11-19 22:53:00,16.1,wmoUnit:degC,0,wmoUnit:mm,57.870774670853,wmoUnit:percent,
2023-11-19 21:53:00,20.6,wmoUnit:degC,0,wmoUnit:mm,41.893107651205,wmoUnit:percent,
2023-11-19 20:53:00,21.1,wmoUnit:degC,0,wmoUnit:mm,39.255587545653,wmoUnit:percent,
2023-11-19 19:53:00,21.1,wmoUnit:degC,0,wmoUnit:mm,39.255587545653,wmoUnit:percent,
2023-11-19 18:53:00,20,wmoUnit:degC,0,wmoUnit:mm,43.47486662498,wmoUnit:percent,
2023-11-19 17:53:00,19.4,wmoUnit:degC,0,wmoUnit:mm,45.123994330123,wmoUnit:percent,
2023-11-19 16:53:00,17.2,wmoUnit:degC,0,wmoUnit:mm,51.800359971891,wmoUnit:percent,
2023-11-19 15:53:00,15.6,wmoUnit:degC,0,wmoUnit:mm,57.352861203314,wmoUnit:percent,
2023-11-19 14:53:00,12.8,wmoUnit:degC,0,wmoUnit:mm,66.434122377317,wmoUnit:percent,
2023-11-19 13:53:00,9.4,wmoUnit:degC,0,wmoUnit:mm,79.870781661168,wmoUnit:percent,
2023-11-19 12:53:00,5.6,wmoUnit:degC,0,wmoUnit:mm,91.984495702735,wmoUnit:percent,
2023-11-19 11:53:00,4.4,wmoUnit:degC,0,wmoUnit:mm,92.560961924407,wmoUnit:percent,
2023-11-19 09:53:00,6.1,wmoUnit:degC,0,wmoUnit:mm,85.79775135553,wmoUnit:percent,
2023-11-19 08:53:00,6.7,wmoUnit:degC,0,wmoUnit:mm,85.262756549264,wmoUnit:percent,
2023-11-19 07:53:00,6.7,wmoUnit:degC,0,wmoUnit:mm,85.262756549264,wmoUnit:percent,
2023-11-19 06:53:00,8.3,wmoUnit:degC,0,wmoUnit:mm,76.443291612891,wmoUnit:percent,
2023-11-19 05:53:00,9.4,wmoUnit:degC,0,wmoUnit:mm,70.971964459347,wmoUnit:percent,
2023-11-19 04:53:00,11.7,wmoUnit:degC,0,wmoUnit:mm,63.49453116489,wmoUnit:percent,
2023-11-19 02:53:00,13.3,wmoUnit:degC,0,wmoUnit:mm,59.60087967417,wmoUnit:percent,
2023-11-19 01:53:00,14.4,wmoUnit:degC,0,wmoUnit:mm,57.445914140707,wmoUnit:percent,
2023-11-19 00:53:00,15,wmoUnit:degC,0,wmoUnit:mm,59.604608806527,wmoUnit:percent,
2023-11-20 23:53:00,20.6,wmoUnit:degC,0,wmoUnit:mm,62.95797615727,wmoUnit:percent,
2023-11-20 22:53:00,21.7,wmoUnit:degC,0,wmoUnit:mm,58.847971651165,wmoUnit:percent,
2023-11-20 21:53:00,23.3,wmoUnit:degC,0,wmoUnit:mm,53.397094170713,wmoUnit:percent,
2023-11-20 20:53:00,23.9,wmoUnit:degC,0,wmoUnit:mm,53.550674484692,wmoUnit:percent,
2023-11-20 19:53:00,24.4,wmoUnit:degC,0,wmoUnit:mm,51.967956826588,wmoUnit:percent,
2023-11-20 18:53:00,22.8,wmoUnit:degC,0,wmoUnit:mm,53.268639384947,wmoUnit:percent,
2023-11-20 17:53:00,21.7,wmoUnit:degC,0,wmoUnit:mm,52.984525533753,wmoUnit:percent,
2023-11-20 16:53:00,20.6,wmoUnit:degC,0,wmoUnit:mm,52.698321667702,wmoUnit:percent,
2023-11-20 14:53:00,14.4,wmoUnit:degC,0,wmoUnit:mm,69.541791158165,wmoUnit:percent,
2023-11-20 13:53:00,10.6,wmoUnit:degC,0,wmoUnit:mm,82.818647556175,wmoUnit:percent,
2023-11-20 12:53:00,8.3,wmoUnit:degC,0,wmoUnit:mm,89.656134409309,wmoUnit:percent,
2023-11-20 11:53:00,5.6,wmoUnit:degC,0,wmoUnit:mm,95.918240233481,wmoUnit:percent,
2023-11-20 10:53:00,6.7,wmoUnit:degC,0,wmoUnit:mm,92.692530298592,wmoUnit:percent,
2023-11-20 09:53:00,7.8,wmoUnit:degC,0,wmoUnit:mm,89.000869667825,wmoUnit:percent,
2023-11-20 08:53:00,5.6,wmoUnit:degC,0,wmoUnit:mm,95.918240233481,wmoUnit:percent,
2023-11-20 07:53:00,6.7,wmoUnit:degC,0,wmoUnit:mm,92.692530298592,wmoUnit:percent,
2023-11-20 06:53:00,7.2,wmoUnit:degC,0,wmoUnit:mm,92.720676321386,wmoUnit:percent,
2023-11-20 05:53:00,7.2,wmoUnit:degC,0,wmoUnit:mm,92.720676321386,wmoUnit:percent,
2023-11-20 04:53:00,7.8,wmoUnit:degC,0,wmoUnit:mm,89.000869667825,wmoUnit:percent,
2023-11-20 03:53:00,8.9,wmoUnit:degC,0,wmoUnit:mm,86.090017231195,wmoUnit:percent,
2023-11-20 02:53:00,11.1,wmoUnit:degC,0,wmoUnit:mm,76.898108532185,wmoUnit:percent,
2023-11-20 01:53:00,9.4,wmoUnit:degC,0,wmoUnit:mm,86.141284587185,wmoUnit:percent,
2023-11-20 00:53:00,12.8,wmoUnit:degC,0,wmoUnit:mm,68.750377788705,wmoUnit:percent,
2023-11-21 23:53:00,17.2,wmoUnit:degC,0,wmoUnit:mm,86.906635257068,wmoUnit:percent,
2023-11-21 23:21:00,17.8,wmoUnit:degC,0,wmoUnit:mm,83.677642887507,wmoUnit:percent,
2023-11-21 22:55:00,17.8,wmoUnit:degC,0,wmoUnit:mm,86.962935510424,wmoUnit:percent,
2023-11-21 22:53:00,18.3,wmoUnit:degC,0,wmoUnit:mm,84.273096772476,wmoUnit:percent,
2023-11-21 21:53:00,18.9,wmoUnit:degC,0,wmoUnit:mm,89.868137503874,wmoUnit:percent,
2023-11-21 21:06:00,19.4,wmoUnit:degC,0,wmoUnit:mm,93.360569892076,wmoUnit:percent,
2023-11-21 20:53:00,20,wmoUnit:degC,0,wmoUnit:mm,89.94856028028,wmoUnit:percent,
2023-11-21 20:01:00,20,wmoUnit:degC,0,wmoUnit:mm,93.389863240725,wmoUnit:percent,
2023-11-21 19:53:00,20.6,wmoUnit:degC,0,wmoUnit:mm,92.839980753296,wmoUnit:percent,
2023-11-21 19:23:00,20.6,wmoUnit:degC,0,wmoUnit:mm,92.839980753296,wmoUnit:percent,
2023-11-21 18:53:00,20.6,wmoUnit:degC,10,wmoUnit:mm,92.839980753296,wmoUnit:percent,
2023-11-21 18:51:00,21,wmoUnit:degC,10,wmoUnit:mm,88.353665604321,wmoUnit:percent,
2023-11-21 18:43:00,20.6,wmoUnit:degC,10,wmoUnit:mm,92.839980753296,wmoUnit:percent,
2023-11-21 18:39:00,20.6,wmoUnit:degC,10,wmoUnit:mm,92.839980753296,wmoUnit:percent,
2023-11-21 18:30:00,,wmoUnit:degC,0,wmoUnit:mm,,wmoUnit:percent,
2023-11-21 18:26:00,21.1,wmoUnit:degC,0,wmoUnit:mm,90.028047779447,wmoUnit:percent,
2023-11-21 17:53:00,22.2,wmoUnit:degC,0,wmoUnit:mm,84.172308156337,wmoUnit:percent,
2023-11-21 16:53:00,21.7,wmoUnit:degC,0,wmoUnit:mm,86.779227810896,wmoUnit:percent,
2023-11-21 15:53:00,20.6,wmoUnit:degC,0,wmoUnit:mm,89.992032132584,wmoUnit:percent,
2023-11-21 15:32:00,20.6,wmoUnit:degC,0,wmoUnit:mm,89.992032132584,wmoUnit:percent,
2023-11-21 14:53:00,20,wmoUnit:degC,0,wmoUnit:mm,89.94856028028,wmoUnit:percent,
2023-11-21 14:42:00,,wmoUnit:degC,0,wmoUnit:mm,,wmoUnit:percent,
2023-11-21 14:32:00,19.4,wmoUnit:degC,0,wmoUnit:mm,93.360569892076,wmoUnit:percent,
2023-11-21 14:23:00,19.4,wmoUnit:degC,0,wmoUnit:mm,93.360569892076,wmoUnit:percent,
2023-11-21 13:53:00,19.4,wmoUnit:degC,0,wmoUnit:mm,93.360569892076,wmoUnit:percent,
2023-11-21 13:21:00,18.9,wmoUnit:degC,0,wmoUnit:mm,93.336011600863,wmoUnit:percent,
2023-11-21 13:13:00,18.9,wmoUnit:degC,0,wmoUnit:mm,93.336011600863,wmoUnit:percent,
2023-11-21 12:53:00,18.9,wmoUnit:degC,0,wmoUnit:mm,93.336011600863,wmoUnit:percent,
2023-11-21 11:53:00,18.3,wmoUnit:degC,10,wmoUnit:mm,93.306363604193,wmoUnit:percent,
2023-11-21 11:02:00,17.8,wmoUnit:degC,0,wmoUnit:mm,96.284527228549,wmoUnit:percent,
2023-11-21 10:53:00,17.8,wmoUnit:degC,10,wmoUnit:mm,96.284527228549,wmoUnit:percent,
2023-11-21 09:53:00,17.8,wmoUnit:degC,10,wmoUnit:mm,93.281507422058,wmoUnit:percent,
2023-11-21 09:44:00,17.8,wmoUnit:degC,10,wmoUnit:mm,96.284527228549,wmoUnit:percent,
2023-11-21 09:25:00,17.2,wmoUnit:degC,10,wmoUnit:mm,96.881098248152,wmoUnit:percent,
2023-11-21 09:21:00,17.2,wmoUnit:degC,0,wmoUnit:mm,96.881098248152,wmoUnit:percent,
2023-11-21 09:13:00,17.2,wmoUnit:degC,0,wmoUnit:mm,96.881098248152,wmoUnit:percent,
2023-11-21 08:53:00,17.2,wmoUnit:degC,10,wmoUnit:mm,93.251499106659,wmoUnit:percent,
2023-11-21 07:53:00,17.2,wmoUnit:degC,10,wmoUnit:mm,90.318702301983,wmoUnit:percent,
2023-11-21 06:53:00,19.4,wmoUnit:degC,0,wmoUnit:mm,70.511958267618,wmoUnit:percent,
2023-11-21 05:53:00,18.9,wmoUnit:degC,0,wmoUnit:mm,75.137365730218,wmoUnit:percent,
2023-11-21 04:53:00,20,wmoUnit:degC,0,wmoUnit:mm,67.934987286895,wmoUnit:percent,
2023-11-21 03:53:00,20,wmoUnit:degC,0,wmoUnit:mm,67.934987286895,wmoUnit:percent,
2023-11-21 02:53:00,20.6,wmoUnit:degC,0,wmoUnit:mm,62.95797615727,wmoUnit:percent,
2023-11-21 01:53:00,19.4,wmoUnit:degC,0,wmoUnit:mm,65.6345401749,wmoUnit:percent,
2023-11-21 00:53:00,19.4,wmoUnit:degC,0,wmoUnit:mm,67.813430858596,wmoUnit:percent,
2023-11-22 23:53:00,10,wmoUnit:degC,0,wmoUnit:mm,65.824827442761,wmoUnit:percent,
2023-11-22 22:53:00,12.2,wmoUnit:degC,0,wmoUnit:mm,56.888025431897,wmoUnit:percent,
2023-11-22 21:53:00,13.3,wmoUnit:degC,0,wmoUnit:mm,54.823568602679,wmoUnit:percent,
2023-11-22 20:53:00,13.9,wmoUnit:degC,0,wmoUnit:mm,54.98026300121,wmoUnit:percent,
2023-11-22 19:53:00,12.8,wmoUnit:degC,0,wmoUnit:mm,59.065943022582,wmoUnit:percent,
2023-11-22 18:53:00,11.7,wmoUnit:degC,0,wmoUnit:mm,63.49453116489,wmoUnit:percent,
2023-11-22 18:49:00,12,wmoUnit:degC,0,wmoUnit:mm,62.250959103783,wmoUnit:percent,
2023-11-22 17:53:00,11.1,wmoUnit:degC,0,wmoUnit:mm,68.877362479151,wmoUnit:percent,
2023-11-22 17:22:00,11.7,wmoUnit:degC,0,wmoUnit:mm,68.525286256056,wmoUnit:percent,
2023-11-22 17:15:00,11.7,wmoUnit:degC,0,wmoUnit:mm,68.525286256056,wmoUnit:percent,
2023-11-22 16:53:00,11.7,wmoUnit:degC,0,wmoUnit:mm,71.415154619405,wmoUnit:percent,
2023-11-22 16:16:00,11.7,wmoUnit:degC,0,wmoUnit:mm,73.905075949333,wmoUnit:percent,
2023-11-22 16:07:00,12.2,wmoUnit:degC,0,wmoUnit:mm,71.510261021778,wmoUnit:percent,
2023-11-22 15:53:00,11.7,wmoUnit:degC,0,wmoUnit:mm,79.654510078888,wmoUnit:percent,
2023-11-22 15:39:00,11.7,wmoUnit:degC,0,wmoUnit:mm,79.654510078888,wmoUnit:percent,
2023-11-22 15:03:00,11.7,wmoUnit:degC,0,wmoUnit:mm,79.654510078888,wmoUnit:percent,
2023-11-22 14:53:00,11.7,wmoUnit:degC,0,wmoUnit:mm,79.654510078888,wmoUnit:percent,
2023-11-22 14:12:00,11.7,wmoUnit:degC,0,wmoUnit:mm,76.993951308353,wmoUnit:percent,
2023-11-22 13:53:00,11.7,wmoUnit:degC,0,wmoUnit:mm,76.993951308353,wmoUnit:percent,
2023-11-22 12:53:00,11.7,wmoUnit:degC,0,wmoUnit:mm,82.954048467221,wmoUnit:percent,
2023-11-22 11:53:00,12.2,wmoUnit:degC,0,wmoUnit:mm,80.266011265195,wmoUnit:percent,
2023-11-22 11:35:00,12.2,wmoUnit:degC,0,wmoUnit:mm,80.266011265195,wmoUnit:percent,
2023-11-22 10:53:00,12.8,wmoUnit:degC,0,wmoUnit:mm,79.811182429167,wmoUnit:percent,
2023-11-22 09:53:00,12.8,wmoUnit:degC,0,wmoUnit:mm,83.087914090164,wmoUnit:percent,
2023-11-22 09:30:00,12.8,wmoUnit:degC,0,wmoUnit:mm,83.087914090164,wmoUnit:percent,
2023-11-22 08:53:00,13.3,wmoUnit:degC,0,wmoUnit:mm,83.703963952178,wmoUnit:percent,
2023-11-22 08:38:00,13.3,wmoUnit:degC,0,wmoUnit:mm,83.703963952178,wmoUnit:percent,
2023-11-22 08:23:00,13.9,wmoUnit:degC,0,wmoUnit:mm,80.500571981251,wmoUnit:percent,
2023-11-22 07:53:00,13.9,wmoUnit:degC,0,wmoUnit:mm,86.590548811883,wmoUnit:percent,
2023-11-22 06:53:00,14.4,wmoUnit:degC,0,wmoUnit:mm,90.117153427448,wmoUnit:percent,
2023-11-22 05:53:00,15,wmoUnit:degC,0,wmoUnit:mm,86.697136399328,wmoUnit:percent,
2023-11-22 04:53:00,15.6,wmoUnit:degC,0,wmoUnit:mm,83.421885156152,wmoUnit:percent,
2023-11-22 03:53:00,16.1,wmoUnit:degC,0,wmoUnit:mm,89.659105457718,wmoUnit:percent,
2023-11-22 02:53:00,16.1,wmoUnit:degC,0,wmoUnit:mm,89.659105457718,wmoUnit:percent,
2023-11-22 01:53:00,16.1,wmoUnit:degC,0,wmoUnit:mm,89.659105457718,wmoUnit:percent,
2023-11-22 00:53:00,16.1,wmoUnit:degC,0,wmoUnit:mm,89.659105457718,wmoUnit:percent,
2023-11-23 23:53:00,11.1,wmoUnit:degC,0,wmoUnit:mm,74.307349532131,wmoUnit:percent,
2023-11-23 22:53:00,11.7,wmoUnit:degC,0,wmoUnit:mm,68.525286256056,wmoUnit:percent,
2023-11-23 21:53:00,12.2,wmoUnit:degC,0,wmoUnit:mm,61.437058804588,wmoUnit:percent,
2023-11-23 20:53:00,12.8,wmoUnit:degC,0,wmoUnit:mm,59.065943022582,wmoUnit:percent,
2023-11-23 19:53:00,12.8,wmoUnit:degC,0,wmoUnit:mm,56.643564028212,wmoUnit:percent,
2023-11-23 18:53:00,13.3,wmoUnit:degC,0,wmoUnit:mm,54.823568602679,wmoUnit:percent,
2023-11-23 17:53:00,12.2,wmoUnit:degC,0,wmoUnit:mm,58.917436953004,wmoUnit:percent,
2023-11-23 16:53:00,11.7,wmoUnit:degC,0,wmoUnit:mm,60.890529422424,wmoUnit:percent,
2023-11-23 15:53:00,11.1,wmoUnit:degC,0,wmoUnit:mm,61.174179639918,wmoUnit:percent,
2023-11-23 14:53:00,8.3,wmoUnit:degC,0,wmoUnit:mm,79.712411892316,wmoUnit:percent,
2023-11-23 13:53:00,5.6,wmoUnit:degC,0,wmoUnit:mm,88.816089115542,wmoUnit:percent,
2023-11-23 12:53:00,3.3,wmoUnit:degC,0,wmoUnit:mm,96.525179740444,wmoUnit:percent,
2023-11-23 11:53:00,2.8,wmoUnit:degC,0,wmoUnit:mm,95.826598207418,wmoUnit:percent,
2023-11-23 10:53:00,2.8,wmoUnit:degC,0,wmoUnit:mm,92.467359016703,wmoUnit:percent,
2023-11-23 09:53:00,3.3,wmoUnit:degC,0,wmoUnit:mm,92.496796158864,wmoUnit:percent,
2023-11-23 08:53:00,3.9,wmoUnit:degC,0,wmoUnit:mm,92.531896684803,wmoUnit:percent,
2023-11-23 07:53:00,3.3,wmoUnit:degC,0,wmoUnit:mm,89.254284492114,wmoUnit:percent,
2023-11-23 06:53:00,3.3,wmoUnit:degC,0,wmoUnit:mm,92.496796158864,wmoUnit:percent,
2023-11-23 05:53:00,6.1,wmoUnit:degC,0,wmoUnit:mm,82.248266054167,wmoUnit:percent,
2023-11-23 04:53:00,6.7,wmoUnit:degC,0,wmoUnit:mm,78.920027625265,wmoUnit:percent,
2023-11-23 03:53:00,6.7,wmoUnit:degC,0,wmoUnit:mm,78.920027625265,wmoUnit:percent,
2023-11-23 02:53:00,7.2,wmoUnit:degC,0,wmoUnit:mm,76.261148548036,wmoUnit:percent,
2023-11-23 01:53:00,8.3,wmoUnit:degC,0,wmoUnit:mm,70.756646043571,wmoUnit:percent,
2023-11-23 00:53:00,8.9,wmoUnit:degC,0,wmoUnit:mm,70.874364547581,wmoUnit:percent,
2023-11-24 23:53:00,13.3,wmoUnit:degC,0,wmoUnit:mm,54.823568602679,wmoUnit:percent,
2023-11-24 22:53:00,13.9,wmoUnit:degC,0,wmoUnit:mm,54.98026300121,wmoUnit:percent,
2023-11-24 21:53:00,16.7,wmoUnit:degC,0,wmoUnit:mm,45.936275260429,wmoUnit:percent,
2023-11-24 20:53:00,17.2,wmoUnit:degC,0,wmoUnit:mm,44.503567966598,wmoUnit:percent,
2023-11-24 19:53:00,17.2,wmoUnit:degC,0,wmoUnit:mm,44.503567966598,wmoUnit:percent,
2023-11-24 18:53:00,16.7,wmoUnit:degC,0,wmoUnit:mm,44.052362762361,wmoUnit:percent,
2023-11-24 17:53:00,15.6,wmoUnit:degC,0,wmoUnit:mm,47.253128931967,wmoUnit:percent,
2023-11-24 16:53:00,14.4,wmoUnit:degC,0,wmoUnit:mm,53.228546497029,wmoUnit:percent,
2023-11-24 15:53:00,13.9,wmoUnit:degC,0,wmoUnit:mm,59.336421444033,wmoUnit:percent,
2023-11-24 14:53:00,11.1,wmoUnit:degC,0,wmoUnit:mm,71.300446309395,wmoUnit:percent,
2023-11-24 13:53:00,9.4,wmoUnit:degC,0,wmoUnit:mm,79.870781661168,wmoUnit:percent,
2023-11-24 12:53:00,8.9,wmoUnit:degC,0,wmoUnit:mm,82.606319428922,wmoUnit:percent,
2023-11-24 11:53:00,8.9,wmoUnit:degC,0,wmoUnit:mm,82.606319428922,wmoUnit:percent,
2023-11-24 10:53:00,8.9,wmoUnit:degC,0,wmoUnit:mm,86.090017231195,wmoUnit:percent,
2023-11-24 09:53:00,9.4,wmoUnit:degC,0,wmoUnit:mm,79.870781661168,wmoUnit:percent,
2023-11-24 08:53:00,8.9,wmoUnit:degC,0,wmoUnit:mm,82.606319428922,wmoUnit:percent,
2023-11-24 07:53:00,8.9,wmoUnit:degC,0,wmoUnit:mm,82.606319428922,wmoUnit:percent,
2023-11-24 06:53:00,8.9,wmoUnit:degC,0,wmoUnit:mm,82.606319428922,wmoUnit:percent,
2023-11-24 05:53:00,9.4,wmoUnit:degC,0,wmoUnit:mm,83.239115566642,wmoUnit:percent,
2023-11-24 04:53:00,9.4,wmoUnit:degC,0,wmoUnit:mm,83.239115566642,wmoUnit:percent,
2023-11-24 03:53:00,10,wmoUnit:degC,0,wmoUnit:mm,79.956420984676,wmoUnit:percent,
2023-11-24 02:53:00,10,wmoUnit:degC,0,wmoUnit:mm,76.720923803697,wmoUnit:percent,
2023-11-24 01:53:00,10.6,wmoUnit:degC,0,wmoUnit:mm,73.709316572126,wmoUnit:percent,
2023-11-24 00:53:00,10.6,wmoUnit:degC,0,wmoUnit:mm,73.709316572126,wmoUnit:percent,
2023-11-25 23:53:00,12.8,wmoUnit:degC,0,wmoUnit:mm,63.745815259196,wmoUnit:percent,
2023-11-25 22:53:00,16.1,wmoUnit:degC,0,wmoUnit:mm,49.755123239556,wmoUnit:percent,
2023-11-25 21:53:00,17.8,wmoUnit:degC,0,wmoUnit:mm,42.850050016475,wmoUnit:percent,
2023-11-25 20:53:00,19.4,wmoUnit:degC,0,wmoUnit:mm,35.897155182514,wmoUnit:percent,
2023-11-25 19:53:00,20,wmoUnit:degC,0,wmoUnit:mm,34.585236899876,wmoUnit:percent,
2023-11-25 18:53:00,18.9,wmoUnit:degC,0,wmoUnit:mm,38.354294743103,wmoUnit:percent,
2023-11-25 17:53:00,18.3,wmoUnit:degC,0,wmoUnit:mm,41.524660943753,wmoUnit:percent,
2023-11-25 16:53:00,17.2,wmoUnit:degC,0,wmoUnit:mm,48.02964410285,wmoUnit:percent,
2023-11-25 15:53:00,,wmoUnit:degC,0,wmoUnit:mm,,wmoUnit:percent,
2023-11-25 14:53:00,10.6,wmoUnit:degC,0,wmoUnit:mm,73.709316572126,wmoUnit:percent,
2023-11-25 13:53:00,8.3,wmoUnit:degC,0,wmoUnit:mm,86.028130972357,wmoUnit:percent,
2023-11-25 12:53:00,3.9,wmoUnit:degC,0,wmoUnit:mm,95.862962320942,wmoUnit:percent,
2023-11-25 11:53:00,4.4,wmoUnit:degC,0,wmoUnit:mm,92.560961924407,wmoUnit:percent,
2023-11-25 10:53:00,4.4,wmoUnit:degC,0,wmoUnit:mm,92.560961924407,wmoUnit:percent,
2023-11-25 09:53:00,4.4,wmoUnit:degC,0,wmoUnit:mm,92.560961924407,wmoUnit:percent,
2023-11-25 08:53:00,4.4,wmoUnit:degC,0,wmoUnit:mm,92.560961924407,wmoUnit:percent,
2023-11-25 07:53:00,5.6,wmoUnit:degC,0,wmoUnit:mm,91.984495702735,wmoUnit:percent,
2023-11-25 06:53:00,6.1,wmoUnit:degC,0,wmoUnit:mm,88.858482392758,wmoUnit:percent,
2023-11-25 05:53:00,6.7,wmoUnit:degC,0,wmoUnit:mm,85.262756549264,wmoUnit:percent,
2023-11-25 04:53:00,6.7,wmoUnit:degC,0,wmoUnit:mm,88.909043890296,wmoUnit:percent,
2023-11-25 03:53:00,5.6,wmoUnit:degC,0,wmoUnit:mm,91.984495702735,wmoUnit:percent,
2023-11-25 02:53:00,8.3,wmoUnit:degC,0,wmoUnit:mm,79.712411892316,wmoUnit:percent,
2023-11-25 01:53:00,9.4,wmoUnit:degC,0,wmoUnit:mm,74.00710179304,wmoUnit:percent,
2023-11-25 00:53:00,10.6,wmoUnit:degC,0,wmoUnit:mm,65.496980088065,wmoUnit:percent,
2023-11-26 22:53:00,12.8,wmoUnit:degC,0,wmoUnit:mm,89.404510853386,wmoUnit:percent,
2023-11-26 21:53:00,12.2,wmoUnit:degC,0,wmoUnit:mm,96.759606973144,wmoUnit:percent,
2023-11-26 20:53:00,12.8,wmoUnit:degC,0,wmoUnit:mm,93.025244755636,wmoUnit:percent,
2023-11-26 20:43:00,12.8,wmoUnit:degC,0,wmoUnit:mm,93.025244755636,wmoUnit:percent,
2023-11-26 19:53:00,13.3,wmoUnit:degC,0,wmoUnit:mm,93.051516559366,wmoUnit:percent,
2023-11-26 18:56:00,12.8,wmoUnit:degC,0,wmoUnit:mm,93.025244755636,wmoUnit:percent,
2023-11-26 18:53:00,12.8,wmoUnit:degC,0,wmoUnit:mm,93.025244755636,wmoUnit:percent,
2023-11-26 18:23:00,,wmoUnit:degC,0,wmoUnit:mm,,wmoUnit:percent,
2023-11-26 17:53:00,12.8,wmoUnit:degC,0,wmoUnit:mm,93.025244755636,wmoUnit:percent,
2023-11-26 16:53:00,12.2,wmoUnit:degC,0,wmoUnit:mm,96.759606973144,wmoUnit:percent,
2023-11-26 15:53:00,11.7,wmoUnit:degC,0,wmoUnit:mm,92.966926628606,wmoUnit:percent,
2023-11-26 14:53:00,11.7,wmoUnit:degC,0,wmoUnit:mm,89.317597936371,wmoUnit:percent,
2023-11-26 14:45:00,11.7,wmoUnit:degC,0,wmoUnit:mm,89.317597936371,wmoUnit:percent,
2023-11-26 13:53:00,11.1,wmoUnit:degC,0,wmoUnit:mm,89.269748995158,wmoUnit:percent,
2023-11-26 12:53:00,11.7,wmoUnit:degC,0,wmoUnit:mm,85.795186713907,wmoUnit:percent,
2023-11-26 12:45:00,11.7,wmoUnit:degC,0,wmoUnit:mm,85.795186713907,wmoUnit:percent,
2023-11-26 11:53:00,11.1,wmoUnit:degC,0,wmoUnit:mm,89.269748995158,wmoUnit:percent,
2023-11-26 10:53:00,11.1,wmoUnit:degC,0,wmoUnit:mm,89.269748995158,wmoUnit:percent,
2023-11-26 09:53:00,10.6,wmoUnit:degC,0,wmoUnit:mm,89.22963410269,wmoUnit:percent,
2023-11-26 08:53:00,10.6,wmoUnit:degC,0,wmoUnit:mm,85.680481185637,wmoUnit:percent,
2023-11-26 07:53:00,11.1,wmoUnit:degC,0,wmoUnit:mm,86.313549377715,wmoUnit:percent,
2023-11-26 06:53:00,10.6,wmoUnit:degC,0,wmoUnit:mm,89.22963410269,wmoUnit:percent,
2023-11-26 05:53:00,10.6,wmoUnit:degC,0,wmoUnit:mm,85.680481185637,wmoUnit:percent,
2023-11-26 04:53:00,10.6,wmoUnit:degC,0,wmoUnit:mm,82.818647556175,wmoUnit:percent,
2023-11-26 03:53:00,10.6,wmoUnit:degC,0,wmoUnit:mm,76.817807374338,wmoUnit:percent,
2023-11-26 02:53:00,10.6,wmoUnit:degC,0,wmoUnit:mm,73.709316572126,wmoUnit:percent,
2023-11-26 01:53:00,12.2,wmoUnit:degC,0,wmoUnit:mm,66.304797658581,wmoUnit:percent,
2023-11-26 00:53:00,12.2,wmoUnit:degC,0,wmoUnit:mm,66.304797658581,wmoUnit:percent,
2023-11-27 23:53:00,7.8,wmoUnit:degC,0,wmoUnit:mm,57.807103302052,wmoUnit:percent,
2023-11-27 22:53:00,8.3,wmoUnit:degC,0,wmoUnit:mm,58.354943194231,wmoUnit:percent,
2023-11-27 21:53:00,11.1,wmoUnit:degC,0,wmoUnit:mm,42.744246614913,wmoUnit:percent,
2023-11-27 20:53:00,12.2,wmoUnit:degC,0,wmoUnit:mm,41.227633150968,wmoUnit:percent,
2023-11-27 19:53:00,12.2,wmoUnit:degC,0,wmoUnit:mm,41.227633150968,wmoUnit:percent,
2023-11-27 18:53:00,11.7,wmoUnit:degC,0,wmoUnit:mm,42.608309852282,wmoUnit:percent,
2023-11-27 17:53:00,11.1,wmoUnit:degC,0,wmoUnit:mm,48.364801688473,wmoUnit:percent,
2023-11-27 16:53:00,9.4,wmoUnit:degC,0,wmoUnit:mm,58.633221785523,wmoUnit:percent,
2023-11-27 15:53:00,7.8,wmoUnit:degC,0,wmoUnit:mm,62.58483935326,wmoUnit:percent,
2023-11-27 13:53:00,5.6,wmoUnit:degC,0,wmoUnit:mm,78.753376184584,wmoUnit:percent,
2023-11-27 12:53:00,3.9,wmoUnit:degC,0,wmoUnit:mm,85.561801112502,wmoUnit:percent,
2023-11-27 12:09:00,3.3,wmoUnit:degC,0,wmoUnit:mm,85.496461459529,wmoUnit:percent,
2023-11-27 11:53:00,4.4,wmoUnit:degC,0,wmoUnit:mm,82.614624284648,wmoUnit:percent,
2023-11-27 10:53:00,6.1,wmoUnit:degC,0,wmoUnit:mm,79.390286642183,wmoUnit:percent,
2023-11-27 09:28:00,7.8,wmoUnit:degC,0,wmoUnit:mm,79.084822103185,wmoUnit:percent,
2023-11-27 08:53:00,8.3,wmoUnit:degC,0,wmoUnit:mm,83.104539551896,wmoUnit:percent,
2023-11-27 08:31:00,8.3,wmoUnit:degC,0,wmoUnit:mm,86.028130972357,wmoUnit:percent,
2023-11-27 07:53:00,8.3,wmoUnit:degC,0,wmoUnit:mm,86.028130972357,wmoUnit:percent,
2023-11-27 06:53:00,9.4,wmoUnit:degC,0,wmoUnit:mm,86.141284587185,wmoUnit:percent,
2023-11-27 05:53:00,10,wmoUnit:degC,0,wmoUnit:mm,89.181204957654,wmoUnit:percent,
2023-11-27 04:53:00,10.6,wmoUnit:degC,0,wmoUnit:mm,89.22963410269,wmoUnit:percent,
2023-11-27 03:53:00,11.7,wmoUnit:degC,0,wmoUnit:mm,96.107794274811,wmoUnit:percent,
2023-11-27 03:43:00,11.7,wmoUnit:degC,0,wmoUnit:mm,96.107794274811,wmoUnit:percent,
2023-11-27 03:00:00,11.7,wmoUnit:degC,0,wmoUnit:mm,96.107794274811,wmoUnit:percent,
2023-11-27 02:53:00,11.7,wmoUnit:degC,0,wmoUnit:mm,96.107794274811,wmoUnit:percent,
2023-11-27 02:11:00,11.7,wmoUnit:degC,0,wmoUnit:mm,96.107794274811,wmoUnit:percent,
2023-11-27 02:00:00,11.7,wmoUnit:degC,0,wmoUnit:mm,92.966926628606,wmoUnit:percent,
2023-11-27 01:53:00,11.1,wmoUnit:degC,0,wmoUnit:mm,96.731932441167,wmoUnit:percent,
2023-11-27 01:45:00,11.7,wmoUnit:degC,0,wmoUnit:mm,96.107794274811,wmoUnit:percent,
2023-11-27 01:42:00,12.2,wmoUnit:degC,0,wmoUnit:mm,92.993524010865,wmoUnit:percent,
2023-11-27 01:00:00,12.2,wmoUnit:degC,0,wmoUnit:mm,96.759606973144,wmoUnit:percent,
2023-11-27 00:53:00,12.2,wmoUnit:degC,0,wmoUnit:mm,96.759606973144,wmoUnit:percent,
2023-11-27 00:38:00,,wmoUnit:degC,0,wmoUnit:mm,,wmoUnit:percent,
2023-11-28 23:53:00,7.8,wmoUnit:degC,0,wmoUnit:mm,51.057941039984,wmoUnit:percent,
2023-11-28 22:53:00,10.6,wmoUnit:degC,0,wmoUnit:mm,40.755700571029,wmoUnit:percent,
2023-11-28 21:53:00,13.3,wmoUnit:degC,0,wmoUnit:mm,34.114136914432,wmoUnit:percent,
2023-11-28 19:53:00,13.9,wmoUnit:degC,0,wmoUnit:mm,31.383091105716,wmoUnit:percent,
2023-11-28 18:53:00,14.4,wmoUnit:degC,0,wmoUnit:mm,32.955521762104,wmoUnit:percent,
2023-11-28 17:53:00,13.3,wmoUnit:degC,0,wmoUnit:mm,36.987402065949,wmoUnit:percent,
2023-11-28 16:53:00,12.2,wmoUnit:degC,0,wmoUnit:mm,38.037678307584,wmoUnit:percent,
2023-11-28 15:53:00,11.1,wmoUnit:degC,0,wmoUnit:mm,42.744246614913,wmoUnit:percent,
2023-11-28 14:53:00,8.3,wmoUnit:degC,0,wmoUnit:mm,51.573416948133,wmoUnit:percent,
2023-11-28 13:53:00,5.6,wmoUnit:degC,0,wmoUnit:mm,59.3860975252,wmoUnit:percent,
2023-11-28 12:53:00,3.9,wmoUnit:degC,0,wmoUnit:mm,69.873019738904,wmoUnit:percent,
2023-11-28 11:53:00,5,wmoUnit:degC,0,wmoUnit:mm,61.913247554004,wmoUnit:percent,
2023-11-28 10:53:00,5,wmoUnit:degC,0,wmoUnit:mm,59.67336328297,wmoUnit:percent,
2023-11-28 09:53:00,5,wmoUnit:degC,0,wmoUnit:mm,61.913247554004,wmoUnit:percent,
2023-11-28 08:53:00,5,wmoUnit:degC,0,wmoUnit:mm,61.913247554004,wmoUnit:percent,
2023-11-28 07:53:00,5.6,wmoUnit:degC,0,wmoUnit:mm,62.058483479026,wmoUnit:percent,
2023-11-28 06:53:00,5.6,wmoUnit:degC,0,wmoUnit:mm,64.366395426096,wmoUnit:percent,
2023-11-28 05:53:00,5.6,wmoUnit:degC,0,wmoUnit:mm,64.366395426096,wmoUnit:percent,
2023-11-28 04:53:00,5.6,wmoUnit:degC,0,wmoUnit:mm,64.366395426096,wmoUnit:percent,
2023-11-28 03:53:00,6.1,wmoUnit:degC,0,wmoUnit:mm,64.951166789497,wmoUnit:percent,
2023-11-28 02:53:00,6.7,wmoUnit:degC,0,wmoUnit:mm,62.322868593296,wmoUnit:percent,
2023-11-28 01:53:00,7.8,wmoUnit:degC,0,wmoUnit:mm,55.339814528599,wmoUnit:percent,
2023-11-28 00:53:00,8.3,wmoUnit:degC,0,wmoUnit:mm,53.491396545009,wmoUnit:percent,
2023-11-29 23:53:00,7.8,wmoUnit:degC,0,wmoUnit:mm,55.339814528599,wmoUnit:percent,
2023-11-29 22:53:00,11.1,wmoUnit:degC,0,wmoUnit:mm,42.744246614913,wmoUnit:percent,
2023-11-29 21:53:00,13.9,wmoUnit:degC,0,wmoUnit:mm,35.571875952141,wmoUnit:percent,
2023-11-29 20:53:00,15,wmoUnit:degC,0,wmoUnit:mm,33.131557418545,wmoUnit:percent,
2023-11-29 18:53:00,13.3,wmoUnit:degC,0,wmoUnit:mm,34.114136914432,wmoUnit:percent,
2023-11-29 17:53:00,12.8,wmoUnit:degC,0,wmoUnit:mm,33.71522379007,wmoUnit:percent,
2023-11-29 16:53:00,11.1,wmoUnit:degC,0,wmoUnit:mm,33.461704366419,wmoUnit:percent,
2023-11-29 15:53:00,8.9,wmoUnit:degC,0,wmoUnit:mm,45.675073063872,wmoUnit:percent,
2023-11-29 14:53:00,5,wmoUnit:degC,0,wmoUnit:mm,73.206846724276,wmoUnit:percent,
2023-11-29 13:53:00,1.1,wmoUnit:degC,0,wmoUnit:mm,88.423674328272,wmoUnit:percent,
2023-11-29 12:53:00,-2.8,wmoUnit:degC,0,wmoUnit:mm,96.349595114933,wmoUnit:percent,
2023-11-29 11:53:00,-2.8,wmoUnit:degC,0,wmoUnit:mm,92.125662019505,wmoUnit:percent,
2023-11-29 09:53:00,-1.7,wmoUnit:degC,0,wmoUnit:mm,92.19456505842,wmoUnit:percent,
2023-11-29 08:53:00,-2.2,wmoUnit:degC,0,wmoUnit:mm,92.163356412199,wmoUnit:percent,
2023-11-29 07:53:00,0,wmoUnit:degC,0,wmoUnit:mm,81.430557804696,wmoUnit:percent,
2023-11-29 06:53:00,0.6,wmoUnit:degC,0,wmoUnit:mm,77.97173604669,wmoUnit:percent,
2023-11-29 05:53:00,2.2,wmoUnit:degC,0,wmoUnit:mm,72.679601462421,wmoUnit:percent,
2023-11-29 04:53:00,1.7,wmoUnit:degC,0,wmoUnit:mm,72.047438196578,wmoUnit:percent,
2023-11-29 03:53:00,5,wmoUnit:degC,0,wmoUnit:mm,57.080649295957,wmoUnit:percent,
2023-11-29 02:53:00,5,wmoUnit:degC,0,wmoUnit:mm,61.913247554004,wmoUnit:percent,
2023-11-29 01:53:00,6.1,wmoUnit:degC,0,wmoUnit:mm,57.367912505289,wmoUnit:percent,
2023-11-29 00:53:00,6.7,wmoUnit:degC,0,wmoUnit:mm,57.523578601643,wmoUnit:percent,
